"Indicator","NFHS5","NFHS4","Flag_NFHS5","Flag_NFHS4","state","district"
"1. Female population age 6 years and above who ever attended school (%)",74.8,76.4,"","","TR","Dhalai"
"2. Population below age 15 years (%)",27.2,27.9,"","","TR","Dhalai"
"3. Sex ratio of the total population (females per 1,000 males)",1034,957,"","","TR","Dhalai"
"4. Sex ratio at birth for children born in the last five years (females per 1,000 males)",1160,868,"","","TR","Dhalai"
"5. Children under age 5 years whose birth was registered with the civil authority (%)",94.2,89.8,"","","TR","Dhalai"
"6. Deaths in the last 3 years registered with the civil authority (%)",81,NA,"","","TR","Dhalai"
"7. Population living in households with electricity (%)",97.7,88.7,"","","TR","Dhalai"
"8. Population living in households with an improved drinking-water source1 (%)",70.3,64.8,"","","TR","Dhalai"
"9. Population living in households that use an improved sanitation facility2 (%)",67.6,50.3,"","","TR","Dhalai"
"10. Households using clean fuel for cooking3 (%)",34,19.2,"","","TR","Dhalai"
"11. Households using iodized salt (%)",98.7,99.5,"","","TR","Dhalai"
"12. Households with any usual member covered under a health insurance/financing scheme (%)",44.2,68.8,"","","TR","Dhalai"
"13. Children age 5 years who attended pre-primary school during the school year 2019-20 (%)",11.9,NA,"","","TR","Dhalai"
"14. Women who are literate4 (%)",71.6,NA,"","","TR","Dhalai"
"15. Women with 10 or more years of schooling (%)",13.9,14.5,"","","TR","Dhalai"
"16. Women age 20-24 years married before age 18 years (%)",38.9,34.4,"","","TR","Dhalai"
"17. Births in the 5 years preceding the survey that are third or higher order (%)",0.3,0.2,"","","TR","Dhalai"
"18. Women age 15-19 years who were already mothers or pregnant at the time of the survey (%)",26.9,20.2,"","","TR","Dhalai"
"19. Women age 15-24 years who use hygienic methods of protection during their menstrual period5 (%)",63.2,27.2,"","","TR","Dhalai"
"20. Any method6 (%)",80.9,67.1,"","","TR","Dhalai"
"21. Any modern method6 (%)",53.3,44.1,"","","TR","Dhalai"
"22. Female sterilization (%)",8.6,14.4,"","","TR","Dhalai"
"23. Male sterilization (%)",0,0,"","","TR","Dhalai"
"24. IUD/PPIUD (%)",0.3,0.1,"","","TR","Dhalai"
"25. Pill (%)",39,28.3,"","","TR","Dhalai"
"26. Condom (%)",2.3,1.1,"","","TR","Dhalai"
"27. Injectables (%)",0.1,0.1,"","","TR","Dhalai"
"28. Total unmet need7 (%)",4,7,"","","TR","Dhalai"
"29. Unmet need for spacing7 (%)",1.8,3,"","","TR","Dhalai"
"30. Health worker ever talked to female non-users about family planning (%)",3.9,4,"","","TR","Dhalai"
"31. Current users ever told about side effects of current method8 (%)",50.8,42.5,"","","TR","Dhalai"
"32. Mothers who had an antenatal check-up in the first trimester (%)",58.1,66.4,"","","TR","Dhalai"
"33. Mothers who had at least 4 antenatal care visits (%)",52,66.4,"","","TR","Dhalai"
"34. Mothers whose last birth was protected against neonatal tetanus9 (%)",97.8,88.1,"","","TR","Dhalai"
"35. Mothers who consumed iron folic acid for 100 days or more when they were pregnant (%)",26,13.2,"","","TR","Dhalai"
"36. Mothers who consumed iron folic acid for 180 days or more when they were pregnant (%)",8.8,2.6,"","","TR","Dhalai"
"37. Registered pregnancies for which the mother received a Mother and Child Protection (MCP) card (%)",90.7,85.8,"","","TR","Dhalai"
"38. Mothers who received postnatal care from a doctor/nurse/LHV/ANM/midwife/other health personnel within 2 days of delivery (%)",72.4,62.1,"","","TR","Dhalai"
"39. Average out-of-pocket expenditure per delivery in a public health facility (Rs.)",4010,3980,"","","TR","Dhalai"
"40. Children born at home who were taken to a health facility for a check-up within 24 hours of birth (%)",0,0,"Based on 25-49 unweighted cases","","TR","Dhalai"
"41. Children who received postnatal care from a doctor/nurse/LHV/ANM/midwife/other health personnel within 2 days of delivery (%)",73.1,NA,"","","TR","Dhalai"
"42. Institutional births (%)",87.3,76.2,"","","TR","Dhalai"
"43. Institutional births in public facility (%)",84.5,72,"","","TR","Dhalai"
"44. Home births that were conducted by skilled health personnel10 (%)",0.5,1,"","","TR","Dhalai"
"45. Births attended by skilled health personnel10 (%)",87.7,77.3,"","","TR","Dhalai"
"46. Births delivered by caesarean section (%)",10.1,8.3,"","","TR","Dhalai"
"47. Births in a private health facility that were delivered by caesarean section (%)",NA,NA,"Percentage not shown; based on fewer than 25 unweighted cases","Percentage not shown; based on fewer than 25 unweighted cases","TR","Dhalai"
"48. Births in a public health facility that were delivered by caesarean section (%)",10.1,6.6,"","","TR","Dhalai"
"49. Children age 12-23 months fully vaccinated based on information from either vaccination card or mother's recall11 (%)",73.7,44.3,"","","TR","Dhalai"
"50. Children age 12-23 months fully vaccinated based on information from vaccination card only12 (%)",76.7,64.6,"","Based on 25-49 unweighted cases","TR","Dhalai"
"51. Children age 12-23 months who have received BCG (%)",97.6,62.1,"","","TR","Dhalai"
"52. Children age 12-23 months who have received 3 doses of polio vaccine13 (%)",73.7,59.3,"","","TR","Dhalai"
"53. Children age 12-23 months who have received 3 doses of penta or DPT vaccine (%)",89,69.8,"","","TR","Dhalai"
"54. Children age 12-23 months who have received the first dose of measles-containing vaccine (MCV) (%)",90.2,62.4,"","","TR","Dhalai"
"55. Children age 24-35 months who have received a second dose of measles-containing vaccine (MCV) (%)",29.1,NA,"","","TR","Dhalai"
"56. Children age 12-23 months who have received 3 doses of rotavirus vaccine14 (%)",68.4,NA,"","","TR","Dhalai"
"57. Children age 12-23 months who have received 3 doses of penta or hepatitis B vaccine (%)",86.2,44.7,"","","TR","Dhalai"
"58. Children age 9-35 months who received a vitamin A dose in the last 6 months (%)",58.2,60.7,"","","TR","Dhalai"
"59. Children age 12-23 months who received most of their vaccinations in a public health facility (%)",100,97.5,"","Based on 25-49 unweighted cases","TR","Dhalai"
"60. Children age 12-23 months who received most of their vaccinations in a private health facility (%)",0,0,"","Based on 25-49 unweighted cases","TR","Dhalai"
"61. Prevalence of diarrhoea in the 2 weeks preceding the survey (%)",4.9,3.4,"","","TR","Dhalai"
"62. Children with diarrhoea in the 2 weeks preceding the survey who received oral rehydration salts (ORS) (%)",NA,NA,"Percentage not shown; based on fewer than 25 unweighted cases","Percentage not shown; based on fewer than 25 unweighted cases","TR","Dhalai"
"63. Children with diarrhoea in the 2 weeks preceding the survey who received zinc (%)",NA,NA,"Percentage not shown; based on fewer than 25 unweighted cases","Percentage not shown; based on fewer than 25 unweighted cases","TR","Dhalai"
"64. Children with diarrhoea in the 2 weeks preceding the survey taken to a health facility or health provider (%)",NA,NA,"Percentage not shown; based on fewer than 25 unweighted cases","Percentage not shown; based on fewer than 25 unweighted cases","TR","Dhalai"
"65. Prevalence of symptoms of acute respiratory infection (ARI) in the 2 weeks preceding the survey (%)",1.5,0.7,"","","TR","Dhalai"
"66. Children with fever or symptoms of ARI in the 2 weeks preceding the survey taken to a health facility or health provider (%)",68.8,NA,"Based on 25-49 unweighted cases","Percentage not shown; based on fewer than 25 unweighted cases","TR","Dhalai"
"67. Children under age 3 years breastfed within one hour of birth15 (%)",44,51,"","","TR","Dhalai"
"68. Children under age 6 months exclusively breastfed16 (%)",61.1,71,"Based on 25-49 unweighted cases","Based on 25-49 unweighted cases","TR","Dhalai"
"69. Children age 6-8 months receiving solid or semi-solid food and breastmilk16 (%)",NA,NA,"Percentage not shown; based on fewer than 25 unweighted cases","Percentage not shown; based on fewer than 25 unweighted cases","TR","Dhalai"
"70. Breastfeeding children age 6-23 months receiving an adequate diet16, 17  (%)",14.9,10.8,"","","TR","Dhalai"
"71. Non-breastfeeding children age 6-23 months receiving an adequate diet16, 17 (%)",NA,NA,"Percentage not shown; based on fewer than 25 unweighted cases","Percentage not shown; based on fewer than 25 unweighted cases","TR","Dhalai"
"72. Total children age 6-23 months receiving an adequate diet16, 17  (%)",14.3,10.1,"","","TR","Dhalai"
"73. Children under 5 years who are stunted (height-for-age)18 (%)",45.7,32.5,"","","TR","Dhalai"
"74. Children under 5 years who are wasted (weight-for-height)18 (%)",15.9,23.3,"","","TR","Dhalai"
"75. Children under 5 years who are severely wasted (weight-for-height)19 (%)",7.7,12.1,"","","TR","Dhalai"
"76. Children under 5 years who are underweight (weight-for-age)18 (%)",27.6,27.2,"","","TR","Dhalai"
"77. Children under 5 years who are overweight (weight-for-height)20 (%)",13.1,3.2,"","","TR","Dhalai"
"78. Women whose Body Mass Index (BMI) is below normal (BMI <18.5 kg/m2)21 (%)",15.9,15.6,"","","TR","Dhalai"
"79. Women who are overweight or obese (BMI ≥25.0 kg/m2)21 (%)",19.1,13.5,"","","TR","Dhalai"
"80. Women who have high risk waist-to-hip ratio (≥0.85) (%)",67.7,NA,"","","TR","Dhalai"
"81. Children age 6-59 months who are anaemic (<11.0 g/dl)22 (%)",81.2,50.4,"","","TR","Dhalai"
"82. Non-pregnant women age 15-49 years who are anaemic (<12.0 g/dl)22 (%)",69.7,56.5,"","","TR","Dhalai"
"83. Pregnant women age 15-49 years who are anaemic (<11.0 g/dl)22 (%)",75.4,55.8,"Based on 25-49 unweighted cases","Based on 25-49 unweighted cases","TR","Dhalai"
"84. All women age 15-49 years who are anaemic22 (%)",70,56.4,"","","TR","Dhalai"
"85. All women age 15-19 years who are anaemic22 (%)",65.4,56.1,"","","TR","Dhalai"
"86. Blood sugar level - high (141-160 mg/dl)23 (%)",8.5,NA,"","","TR","Dhalai"
"87. Blood sugar level - very high (>160 mg/dl)23 (%)",5.7,NA,"","","TR","Dhalai"
"88. Blood sugar level - high or very high (>140 mg/dl) or taking medicine to control blood sugar level23 (%)",14.5,NA,"","","TR","Dhalai"
"89. Blood sugar level - high (141-160 mg/dl)23 (%)",7.8,NA,"","","TR","Dhalai"
"90. Blood sugar level - very high (>160 mg/dl)23 (%)",8.4,NA,"","","TR","Dhalai"
"91. Blood sugar level - high or very high (>140 mg/dl) or taking medicine to control blood sugar level23 (%)",17,NA,"","","TR","Dhalai"
"92. Mildly elevated blood pressure (Systolic 140-159 mm of Hg and/or Diastolic 90-99 mm of Hg) (%)",9,NA,"","","TR","Dhalai"
"93. Moderately or severely elevated blood pressure (Systolic ≥160mm of Hg and/or Diastolic ≥100mm of Hg) (%)",3.5,NA,"","","TR","Dhalai"
"94. Elevated blood pressure (Systolic ≥140 mm of Hg and/or Diastolic ≥90 mm of Hg) or taking medicine to control blood pressure (%)",14.5,NA,"","","TR","Dhalai"
"95. Mildly elevated blood pressure (Systolic 140-159 mm of Hg and/or Diastolic 90-99 mm of Hg) (%)",11.5,NA,"","","TR","Dhalai"
"96. Moderately or severely elevated blood pressure (Systolic ≥160mm of Hg and/or Diastolic ≥100mm of Hg) (%)",4,NA,"","","TR","Dhalai"
"97. Elevated blood pressure (Systolic ≥140 mm of Hg and/or Diastolic ≥90 mm of Hg) or taking medicine to control blood pressure (%)",17.4,NA,"","","TR","Dhalai"
"98. Ever undergone a screening test for cervical cancer (%)",0.6,NA,"","","TR","Dhalai"
"99. Ever undergone a breast examination for breast cancer (%)",0.4,NA,"","","TR","Dhalai"
"100. Ever undergone an oral cavity examination for oral cancer (%)",0.5,NA,"","","TR","Dhalai"
"101. Women age 15 years and above who use any kind of tobacco (%)",55.2,NA,"","","TR","Dhalai"
"102. Men age 15 years and above who use any kind of tobacco (%)",61.3,NA,"","","TR","Dhalai"
"103. Women age 15 years and above who consume alcohol (%)",7.5,NA,"","","TR","Dhalai"
"104. Men age 15 years and above who consume alcohol (%)",40.2,NA,"","","TR","Dhalai"
"1. Female population age 6 years and above who ever attended school (%)",80.1,NA,"","","TR","Gomati"
"2. Population below age 15 years (%)",24.2,NA,"","","TR","Gomati"
"3. Sex ratio of the total population (females per 1,000 males)",1011,NA,"","","TR","Gomati"
"4. Sex ratio at birth for children born in the last five years (females per 1,000 males)",1043,NA,"","","TR","Gomati"
"5. Children under age 5 years whose birth was registered with the civil authority (%)",92.9,NA,"","","TR","Gomati"
"6. Deaths in the last 3 years registered with the civil authority (%)",70.8,NA,"","","TR","Gomati"
"7. Population living in households with electricity (%)",98.8,NA,"","","TR","Gomati"
"8. Population living in households with an improved drinking-water source1 (%)",87.7,NA,"","","TR","Gomati"
"9. Population living in households that use an improved sanitation facility2 (%)",77.4,NA,"","","TR","Gomati"
"10. Households using clean fuel for cooking3 (%)",47.7,NA,"","","TR","Gomati"
"11. Households using iodized salt (%)",99,NA,"","","TR","Gomati"
"12. Households with any usual member covered under a health insurance/financing scheme (%)",29.9,NA,"","","TR","Gomati"
"13. Children age 5 years who attended pre-primary school during the school year 2019-20 (%)",30.9,NA,"","","TR","Gomati"
"14. Women who are literate4 (%)",77.2,NA,"","","TR","Gomati"
"15. Women with 10 or more years of schooling (%)",22.8,NA,"","","TR","Gomati"
"16. Women age 20-24 years married before age 18 years (%)",42.8,NA,"","","TR","Gomati"
"17. Births in the 5 years preceding the survey that are third or higher order (%)",0,NA,"","","TR","Gomati"
"18. Women age 15-19 years who were already mothers or pregnant at the time of the survey (%)",24.4,NA,"","","TR","Gomati"
"19. Women age 15-24 years who use hygienic methods of protection during their menstrual period5 (%)",71.5,NA,"","","TR","Gomati"
"20. Any method6 (%)",65.5,NA,"","","TR","Gomati"
"21. Any modern method6 (%)",48.7,NA,"","","TR","Gomati"
"22. Female sterilization (%)",8.6,NA,"","","TR","Gomati"
"23. Male sterilization (%)",0.1,NA,"","","TR","Gomati"
"24. IUD/PPIUD (%)",0,NA,"","","TR","Gomati"
"25. Pill (%)",37.1,NA,"","","TR","Gomati"
"26. Condom (%)",2.2,NA,"","","TR","Gomati"
"27. Injectables (%)",0,NA,"","","TR","Gomati"
"28. Total unmet need7 (%)",12.1,NA,"","","TR","Gomati"
"29. Unmet need for spacing7 (%)",3.7,NA,"","","TR","Gomati"
"30. Health worker ever talked to female non-users about family planning (%)",13.1,NA,"","","TR","Gomati"
"31. Current users ever told about side effects of current method8 (%)",40.2,NA,"","","TR","Gomati"
"32. Mothers who had an antenatal check-up in the first trimester (%)",54,NA,"","","TR","Gomati"
"33. Mothers who had at least 4 antenatal care visits (%)",40.6,NA,"","","TR","Gomati"
"34. Mothers whose last birth was protected against neonatal tetanus9 (%)",91.7,NA,"","","TR","Gomati"
"35. Mothers who consumed iron folic acid for 100 days or more when they were pregnant (%)",22,NA,"","","TR","Gomati"
"36. Mothers who consumed iron folic acid for 180 days or more when they were pregnant (%)",6.6,NA,"","","TR","Gomati"
"37. Registered pregnancies for which the mother received a Mother and Child Protection (MCP) card (%)",91.1,NA,"","","TR","Gomati"
"38. Mothers who received postnatal care from a doctor/nurse/LHV/ANM/midwife/other health personnel within 2 days of delivery (%)",66.3,NA,"","","TR","Gomati"
"39. Average out-of-pocket expenditure per delivery in a public health facility (Rs.)",10954,NA,"","","TR","Gomati"
"40. Children born at home who were taken to a health facility for a check-up within 24 hours of birth (%)",NA,NA,"Percentage not shown; based on fewer than 25 unweighted cases","","TR","Gomati"
"41. Children who received postnatal care from a doctor/nurse/LHV/ANM/midwife/other health personnel within 2 days of delivery (%)",68.6,NA,"","","TR","Gomati"
"42. Institutional births (%)",93.2,NA,"","","TR","Gomati"
"43. Institutional births in public facility (%)",90,NA,"","","TR","Gomati"
"44. Home births that were conducted by skilled health personnel10 (%)",0.5,NA,"","","TR","Gomati"
"45. Births attended by skilled health personnel10 (%)",94.1,NA,"","","TR","Gomati"
"46. Births delivered by caesarean section (%)",23.6,NA,"","","TR","Gomati"
"47. Births in a private health facility that were delivered by caesarean section (%)",NA,NA,"Percentage not shown; based on fewer than 25 unweighted cases","","TR","Gomati"
"48. Births in a public health facility that were delivered by caesarean section (%)",23.4,NA,"","","TR","Gomati"
"49. Children age 12-23 months fully vaccinated based on information from either vaccination card or mother's recall11 (%)",67.1,NA,"Based on 25-49 unweighted cases","","TR","Gomati"
"50. Children age 12-23 months fully vaccinated based on information from vaccination card only12 (%)",85.1,NA,"Based on 25-49 unweighted cases","","TR","Gomati"
"51. Children age 12-23 months who have received BCG (%)",91.8,NA,"Based on 25-49 unweighted cases","","TR","Gomati"
"52. Children age 12-23 months who have received 3 doses of polio vaccine13 (%)",75.6,NA,"Based on 25-49 unweighted cases","","TR","Gomati"
"53. Children age 12-23 months who have received 3 doses of penta or DPT vaccine (%)",83.9,NA,"Based on 25-49 unweighted cases","","TR","Gomati"
"54. Children age 12-23 months who have received the first dose of measles-containing vaccine (MCV) (%)",89.9,NA,"Based on 25-49 unweighted cases","","TR","Gomati"
"55. Children age 24-35 months who have received a second dose of measles-containing vaccine (MCV) (%)",16.7,NA,"Based on 25-49 unweighted cases","","TR","Gomati"
"56. Children age 12-23 months who have received 3 doses of rotavirus vaccine14 (%)",34.8,NA,"Based on 25-49 unweighted cases","","TR","Gomati"
"57. Children age 12-23 months who have received 3 doses of penta or hepatitis B vaccine (%)",80.6,NA,"Based on 25-49 unweighted cases","","TR","Gomati"
"58. Children age 9-35 months who received a vitamin A dose in the last 6 months (%)",74.6,NA,"","","TR","Gomati"
"59. Children age 12-23 months who received most of their vaccinations in a public health facility (%)",95.1,NA,"Based on 25-49 unweighted cases","","TR","Gomati"
"60. Children age 12-23 months who received most of their vaccinations in a private health facility (%)",0,NA,"Based on 25-49 unweighted cases","","TR","Gomati"
"61. Prevalence of diarrhoea in the 2 weeks preceding the survey (%)",9.8,NA,"","","TR","Gomati"
"62. Children with diarrhoea in the 2 weeks preceding the survey who received oral rehydration salts (ORS) (%)",NA,NA,"Percentage not shown; based on fewer than 25 unweighted cases","","TR","Gomati"
"63. Children with diarrhoea in the 2 weeks preceding the survey who received zinc (%)",NA,NA,"Percentage not shown; based on fewer than 25 unweighted cases","","TR","Gomati"
"64. Children with diarrhoea in the 2 weeks preceding the survey taken to a health facility or health provider (%)",NA,NA,"Percentage not shown; based on fewer than 25 unweighted cases","","TR","Gomati"
"65. Prevalence of symptoms of acute respiratory infection (ARI) in the 2 weeks preceding the survey (%)",1.6,NA,"","","TR","Gomati"
"66. Children with fever or symptoms of ARI in the 2 weeks preceding the survey taken to a health facility or health provider (%)",62.8,NA,"Based on 25-49 unweighted cases","","TR","Gomati"
"67. Children under age 3 years breastfed within one hour of birth15 (%)",24.8,NA,"","","TR","Gomati"
"68. Children under age 6 months exclusively breastfed16 (%)",46.6,NA,"Based on 25-49 unweighted cases","","TR","Gomati"
"69. Children age 6-8 months receiving solid or semi-solid food and breastmilk16 (%)",NA,NA,"Percentage not shown; based on fewer than 25 unweighted cases","","TR","Gomati"
"70. Breastfeeding children age 6-23 months receiving an adequate diet16, 17  (%)",13.4,NA,"","","TR","Gomati"
"71. Non-breastfeeding children age 6-23 months receiving an adequate diet16, 17 (%)",NA,NA,"Percentage not shown; based on fewer than 25 unweighted cases","","TR","Gomati"
"72. Total children age 6-23 months receiving an adequate diet16, 17  (%)",12.6,NA,"","","TR","Gomati"
"73. Children under 5 years who are stunted (height-for-age)18 (%)",22.7,NA,"","","TR","Gomati"
"74. Children under 5 years who are wasted (weight-for-height)18 (%)",27.6,NA,"","","TR","Gomati"
"75. Children under 5 years who are severely wasted (weight-for-height)19 (%)",11.2,NA,"","","TR","Gomati"
"76. Children under 5 years who are underweight (weight-for-age)18 (%)",29,NA,"","","TR","Gomati"
"77. Children under 5 years who are overweight (weight-for-height)20 (%)",3.4,NA,"","","TR","Gomati"
"78. Women whose Body Mass Index (BMI) is below normal (BMI <18.5 kg/m2)21 (%)",14.1,NA,"","","TR","Gomati"
"79. Women who are overweight or obese (BMI ≥25.0 kg/m2)21 (%)",19.6,NA,"","","TR","Gomati"
"80. Women who have high risk waist-to-hip ratio (≥0.85) (%)",72.5,NA,"","","TR","Gomati"
"81. Children age 6-59 months who are anaemic (<11.0 g/dl)22 (%)",70.7,NA,"","","TR","Gomati"
"82. Non-pregnant women age 15-49 years who are anaemic (<12.0 g/dl)22 (%)",62.6,NA,"","","TR","Gomati"
"83. Pregnant women age 15-49 years who are anaemic (<11.0 g/dl)22 (%)",52.8,NA,"Based on 25-49 unweighted cases","","TR","Gomati"
"84. All women age 15-49 years who are anaemic22 (%)",62.3,NA,"","","TR","Gomati"
"85. All women age 15-19 years who are anaemic22 (%)",63.2,NA,"","","TR","Gomati"
"86. Blood sugar level - high (141-160 mg/dl)23 (%)",7.9,NA,"","","TR","Gomati"
"87. Blood sugar level - very high (>160 mg/dl)23 (%)",7.5,NA,"","","TR","Gomati"
"88. Blood sugar level - high or very high (>140 mg/dl) or taking medicine to control blood sugar level23 (%)",16.8,NA,"","","TR","Gomati"
"89. Blood sugar level - high (141-160 mg/dl)23 (%)",8.4,NA,"","","TR","Gomati"
"90. Blood sugar level - very high (>160 mg/dl)23 (%)",8,NA,"","","TR","Gomati"
"91. Blood sugar level - high or very high (>140 mg/dl) or taking medicine to control blood sugar level23 (%)",17.4,NA,"","","TR","Gomati"
"92. Mildly elevated blood pressure (Systolic 140-159 mm of Hg and/or Diastolic 90-99 mm of Hg) (%)",10.5,NA,"","","TR","Gomati"
"93. Moderately or severely elevated blood pressure (Systolic ≥160mm of Hg and/or Diastolic ≥100mm of Hg) (%)",3.6,NA,"","","TR","Gomati"
"94. Elevated blood pressure (Systolic ≥140 mm of Hg and/or Diastolic ≥90 mm of Hg) or taking medicine to control blood pressure (%)",19.8,NA,"","","TR","Gomati"
"95. Mildly elevated blood pressure (Systolic 140-159 mm of Hg and/or Diastolic 90-99 mm of Hg) (%)",13.1,NA,"","","TR","Gomati"
"96. Moderately or severely elevated blood pressure (Systolic ≥160mm of Hg and/or Diastolic ≥100mm of Hg) (%)",3.4,NA,"","","TR","Gomati"
"97. Elevated blood pressure (Systolic ≥140 mm of Hg and/or Diastolic ≥90 mm of Hg) or taking medicine to control blood pressure (%)",21.4,NA,"","","TR","Gomati"
"98. Ever undergone a screening test for cervical cancer (%)",0.7,NA,"","","TR","Gomati"
"99. Ever undergone a breast examination for breast cancer (%)",0.4,NA,"","","TR","Gomati"
"100. Ever undergone an oral cavity examination for oral cancer (%)",1.2,NA,"","","TR","Gomati"
"101. Women age 15 years and above who use any kind of tobacco (%)",49.6,NA,"","","TR","Gomati"
"102. Men age 15 years and above who use any kind of tobacco (%)",55.8,NA,"","","TR","Gomati"
"103. Women age 15 years and above who consume alcohol (%)",9.4,NA,"","","TR","Gomati"
"104. Men age 15 years and above who consume alcohol (%)",33.7,NA,"","","TR","Gomati"
"1. Female population age 6 years and above who ever attended school (%)",81.3,NA,"","","TR","Khowai"
"2. Population below age 15 years (%)",23.5,NA,"","","TR","Khowai"
"3. Sex ratio of the total population (females per 1,000 males)",1059,NA,"","","TR","Khowai"
"4. Sex ratio at birth for children born in the last five years (females per 1,000 males)",959,NA,"","","TR","Khowai"
"5. Children under age 5 years whose birth was registered with the civil authority (%)",94.8,NA,"","","TR","Khowai"
"6. Deaths in the last 3 years registered with the civil authority (%)",83.9,NA,"","","TR","Khowai"
"7. Population living in households with electricity (%)",99,NA,"","","TR","Khowai"
"8. Population living in households with an improved drinking-water source1 (%)",83.2,NA,"","","TR","Khowai"
"9. Population living in households that use an improved sanitation facility2 (%)",67.8,NA,"","","TR","Khowai"
"10. Households using clean fuel for cooking3 (%)",41.5,NA,"","","TR","Khowai"
"11. Households using iodized salt (%)",100,NA,"","","TR","Khowai"
"12. Households with any usual member covered under a health insurance/financing scheme (%)",44.1,NA,"","","TR","Khowai"
"13. Children age 5 years who attended pre-primary school during the school year 2019-20 (%)",21.3,NA,"Based on 25-49 unweighted cases","","TR","Khowai"
"14. Women who are literate4 (%)",80.5,NA,"","","TR","Khowai"
"15. Women with 10 or more years of schooling (%)",18.9,NA,"","","TR","Khowai"
"16. Women age 20-24 years married before age 18 years (%)",28.3,NA,"","","TR","Khowai"
"17. Births in the 5 years preceding the survey that are third or higher order (%)",0,NA,"","","TR","Khowai"
"18. Women age 15-19 years who were already mothers or pregnant at the time of the survey (%)",24.3,NA,"","","TR","Khowai"
"19. Women age 15-24 years who use hygienic methods of protection during their menstrual period5 (%)",69.2,NA,"","","TR","Khowai"
"20. Any method6 (%)",79.9,NA,"","","TR","Khowai"
"21. Any modern method6 (%)",49.9,NA,"","","TR","Khowai"
"22. Female sterilization (%)",9.5,NA,"","","TR","Khowai"
"23. Male sterilization (%)",0,NA,"","","TR","Khowai"
"24. IUD/PPIUD (%)",0.2,NA,"","","TR","Khowai"
"25. Pill (%)",36.2,NA,"","","TR","Khowai"
"26. Condom (%)",1.8,NA,"","","TR","Khowai"
"27. Injectables (%)",0,NA,"","","TR","Khowai"
"28. Total unmet need7 (%)",4.1,NA,"","","TR","Khowai"
"29. Unmet need for spacing7 (%)",2.2,NA,"","","TR","Khowai"
"30. Health worker ever talked to female non-users about family planning (%)",8.7,NA,"","","TR","Khowai"
"31. Current users ever told about side effects of current method8 (%)",34.7,NA,"","","TR","Khowai"
"32. Mothers who had an antenatal check-up in the first trimester (%)",57.2,NA,"","","TR","Khowai"
"33. Mothers who had at least 4 antenatal care visits (%)",41.5,NA,"","","TR","Khowai"
"34. Mothers whose last birth was protected against neonatal tetanus9 (%)",96.8,NA,"","","TR","Khowai"
"35. Mothers who consumed iron folic acid for 100 days or more when they were pregnant (%)",38,NA,"","","TR","Khowai"
"36. Mothers who consumed iron folic acid for 180 days or more when they were pregnant (%)",16.6,NA,"","","TR","Khowai"
"37. Registered pregnancies for which the mother received a Mother and Child Protection (MCP) card (%)",97.7,NA,"","","TR","Khowai"
"38. Mothers who received postnatal care from a doctor/nurse/LHV/ANM/midwife/other health personnel within 2 days of delivery (%)",59.7,NA,"","","TR","Khowai"
"39. Average out-of-pocket expenditure per delivery in a public health facility (Rs.)",7328,NA,"","","TR","Khowai"
"40. Children born at home who were taken to a health facility for a check-up within 24 hours of birth (%)",NA,NA,"Percentage not shown; based on fewer than 25 unweighted cases","","TR","Khowai"
"41. Children who received postnatal care from a doctor/nurse/LHV/ANM/midwife/other health personnel within 2 days of delivery (%)",62.9,NA,"","","TR","Khowai"
"42. Institutional births (%)",95.7,NA,"","","TR","Khowai"
"43. Institutional births in public facility (%)",90.7,NA,"","","TR","Khowai"
"44. Home births that were conducted by skilled health personnel10 (%)",1.6,NA,"","","TR","Khowai"
"45. Births attended by skilled health personnel10 (%)",95.2,NA,"","","TR","Khowai"
"46. Births delivered by caesarean section (%)",27.8,NA,"","","TR","Khowai"
"47. Births in a private health facility that were delivered by caesarean section (%)",NA,NA,"Percentage not shown; based on fewer than 25 unweighted cases","","TR","Khowai"
"48. Births in a public health facility that were delivered by caesarean section (%)",25.6,NA,"","","TR","Khowai"
"49. Children age 12-23 months fully vaccinated based on information from either vaccination card or mother's recall11 (%)",60.7,NA,"Based on 25-49 unweighted cases","","TR","Khowai"
"50. Children age 12-23 months fully vaccinated based on information from vaccination card only12 (%)",65.8,NA,"Based on 25-49 unweighted cases","","TR","Khowai"
"51. Children age 12-23 months who have received BCG (%)",96.1,NA,"Based on 25-49 unweighted cases","","TR","Khowai"
"52. Children age 12-23 months who have received 3 doses of polio vaccine13 (%)",60.7,NA,"Based on 25-49 unweighted cases","","TR","Khowai"
"53. Children age 12-23 months who have received 3 doses of penta or DPT vaccine (%)",87.7,NA,"Based on 25-49 unweighted cases","","TR","Khowai"
"54. Children age 12-23 months who have received the first dose of measles-containing vaccine (MCV) (%)",85.7,NA,"Based on 25-49 unweighted cases","","TR","Khowai"
"55. Children age 24-35 months who have received a second dose of measles-containing vaccine (MCV) (%)",22.5,NA,"Based on 25-49 unweighted cases","","TR","Khowai"
"56. Children age 12-23 months who have received 3 doses of rotavirus vaccine14 (%)",63.7,NA,"Based on 25-49 unweighted cases","","TR","Khowai"
"57. Children age 12-23 months who have received 3 doses of penta or hepatitis B vaccine (%)",85.7,NA,"Based on 25-49 unweighted cases","","TR","Khowai"
"58. Children age 9-35 months who received a vitamin A dose in the last 6 months (%)",68.1,NA,"","","TR","Khowai"
"59. Children age 12-23 months who received most of their vaccinations in a public health facility (%)",100,NA,"Based on 25-49 unweighted cases","","TR","Khowai"
"60. Children age 12-23 months who received most of their vaccinations in a private health facility (%)",0,NA,"Based on 25-49 unweighted cases","","TR","Khowai"
"61. Prevalence of diarrhoea in the 2 weeks preceding the survey (%)",0.7,NA,"","","TR","Khowai"
"62. Children with diarrhoea in the 2 weeks preceding the survey who received oral rehydration salts (ORS) (%)",NA,NA,"Percentage not shown; based on fewer than 25 unweighted cases","","TR","Khowai"
"63. Children with diarrhoea in the 2 weeks preceding the survey who received zinc (%)",NA,NA,"Percentage not shown; based on fewer than 25 unweighted cases","","TR","Khowai"
"64. Children with diarrhoea in the 2 weeks preceding the survey taken to a health facility or health provider (%)",NA,NA,"Percentage not shown; based on fewer than 25 unweighted cases","","TR","Khowai"
"65. Prevalence of symptoms of acute respiratory infection (ARI) in the 2 weeks preceding the survey (%)",2,NA,"","","TR","Khowai"
"66. Children with fever or symptoms of ARI in the 2 weeks preceding the survey taken to a health facility or health provider (%)",NA,NA,"Percentage not shown; based on fewer than 25 unweighted cases","","TR","Khowai"
"67. Children under age 3 years breastfed within one hour of birth15 (%)",20.9,NA,"","","TR","Khowai"
"68. Children under age 6 months exclusively breastfed16 (%)",NA,NA,"Percentage not shown; based on fewer than 25 unweighted cases","","TR","Khowai"
"69. Children age 6-8 months receiving solid or semi-solid food and breastmilk16 (%)",NA,NA,"Percentage not shown; based on fewer than 25 unweighted cases","","TR","Khowai"
"70. Breastfeeding children age 6-23 months receiving an adequate diet16, 17  (%)",12.3,NA,"","","TR","Khowai"
"71. Non-breastfeeding children age 6-23 months receiving an adequate diet16, 17 (%)",NA,NA,"Percentage not shown; based on fewer than 25 unweighted cases","","TR","Khowai"
"72. Total children age 6-23 months receiving an adequate diet16, 17  (%)",12.9,NA,"","","TR","Khowai"
"73. Children under 5 years who are stunted (height-for-age)18 (%)",47,NA,"","","TR","Khowai"
"74. Children under 5 years who are wasted (weight-for-height)18 (%)",16.6,NA,"","","TR","Khowai"
"75. Children under 5 years who are severely wasted (weight-for-height)19 (%)",6.2,NA,"","","TR","Khowai"
"76. Children under 5 years who are underweight (weight-for-age)18 (%)",24.7,NA,"","","TR","Khowai"
"77. Children under 5 years who are overweight (weight-for-height)20 (%)",8.1,NA,"","","TR","Khowai"
"78. Women whose Body Mass Index (BMI) is below normal (BMI <18.5 kg/m2)21 (%)",18.7,NA,"","","TR","Khowai"
"79. Women who are overweight or obese (BMI ≥25.0 kg/m2)21 (%)",15.4,NA,"","","TR","Khowai"
"80. Women who have high risk waist-to-hip ratio (≥0.85) (%)",62.7,NA,"","","TR","Khowai"
"81. Children age 6-59 months who are anaemic (<11.0 g/dl)22 (%)",73.4,NA,"","","TR","Khowai"
"82. Non-pregnant women age 15-49 years who are anaemic (<12.0 g/dl)22 (%)",63.7,NA,"","","TR","Khowai"
"83. Pregnant women age 15-49 years who are anaemic (<11.0 g/dl)22 (%)",63.7,NA,"Based on 25-49 unweighted cases","","TR","Khowai"
"84. All women age 15-49 years who are anaemic22 (%)",63.7,NA,"","","TR","Khowai"
"85. All women age 15-19 years who are anaemic22 (%)",64.8,NA,"","","TR","Khowai"
"86. Blood sugar level - high (141-160 mg/dl)23 (%)",9.9,NA,"","","TR","Khowai"
"87. Blood sugar level - very high (>160 mg/dl)23 (%)",7,NA,"","","TR","Khowai"
"88. Blood sugar level - high or very high (>140 mg/dl) or taking medicine to control blood sugar level23 (%)",17.8,NA,"","","TR","Khowai"
"89. Blood sugar level - high (141-160 mg/dl)23 (%)",10.3,NA,"","","TR","Khowai"
"90. Blood sugar level - very high (>160 mg/dl)23 (%)",7.6,NA,"","","TR","Khowai"
"91. Blood sugar level - high or very high (>140 mg/dl) or taking medicine to control blood sugar level23 (%)",18.3,NA,"","","TR","Khowai"
"92. Mildly elevated blood pressure (Systolic 140-159 mm of Hg and/or Diastolic 90-99 mm of Hg) (%)",11.3,NA,"","","TR","Khowai"
"93. Moderately or severely elevated blood pressure (Systolic ≥160mm of Hg and/or Diastolic ≥100mm of Hg) (%)",5.2,NA,"","","TR","Khowai"
"94. Elevated blood pressure (Systolic ≥140 mm of Hg and/or Diastolic ≥90 mm of Hg) or taking medicine to control blood pressure (%)",19,NA,"","","TR","Khowai"
"95. Mildly elevated blood pressure (Systolic 140-159 mm of Hg and/or Diastolic 90-99 mm of Hg) (%)",14.6,NA,"","","TR","Khowai"
"96. Moderately or severely elevated blood pressure (Systolic ≥160mm of Hg and/or Diastolic ≥100mm of Hg) (%)",5,NA,"","","TR","Khowai"
"97. Elevated blood pressure (Systolic ≥140 mm of Hg and/or Diastolic ≥90 mm of Hg) or taking medicine to control blood pressure (%)",21.4,NA,"","","TR","Khowai"
"98. Ever undergone a screening test for cervical cancer (%)",0.2,NA,"","","TR","Khowai"
"99. Ever undergone a breast examination for breast cancer (%)",0,NA,"","","TR","Khowai"
"100. Ever undergone an oral cavity examination for oral cancer (%)",0,NA,"","","TR","Khowai"
"101. Women age 15 years and above who use any kind of tobacco (%)",51.3,NA,"","","TR","Khowai"
"102. Men age 15 years and above who use any kind of tobacco (%)",61.9,NA,"","","TR","Khowai"
"103. Women age 15 years and above who consume alcohol (%)",9.6,NA,"","","TR","Khowai"
"104. Men age 15 years and above who consume alcohol (%)",40.3,NA,"","","TR","Khowai"
"1. Female population age 6 years and above who ever attended school (%)",86.4,NA,"","","TR","North Tripura"
"2. Population below age 15 years (%)",26.2,NA,"","","TR","North Tripura"
"3. Sex ratio of the total population (females per 1,000 males)",1040,NA,"","","TR","North Tripura"
"4. Sex ratio at birth for children born in the last five years (females per 1,000 males)",913,NA,"","","TR","North Tripura"
"5. Children under age 5 years whose birth was registered with the civil authority (%)",93.5,NA,"","","TR","North Tripura"
"6. Deaths in the last 3 years registered with the civil authority (%)",85.9,NA,"","","TR","North Tripura"
"7. Population living in households with electricity (%)",96.2,NA,"","","TR","North Tripura"
"8. Population living in households with an improved drinking-water source1 (%)",75.6,NA,"","","TR","North Tripura"
"9. Population living in households that use an improved sanitation facility2 (%)",74.1,NA,"","","TR","North Tripura"
"10. Households using clean fuel for cooking3 (%)",41.6,NA,"","","TR","North Tripura"
"11. Households using iodized salt (%)",99.2,NA,"","","TR","North Tripura"
"12. Households with any usual member covered under a health insurance/financing scheme (%)",28.7,NA,"","","TR","North Tripura"
"13. Children age 5 years who attended pre-primary school during the school year 2019-20 (%)",25.1,NA,"","","TR","North Tripura"
"14. Women who are literate4 (%)",83.1,NA,"","","TR","North Tripura"
"15. Women with 10 or more years of schooling (%)",23.7,NA,"","","TR","North Tripura"
"16. Women age 20-24 years married before age 18 years (%)",34.2,NA,"","","TR","North Tripura"
"17. Births in the 5 years preceding the survey that are third or higher order (%)",0.6,NA,"","","TR","North Tripura"
"18. Women age 15-19 years who were already mothers or pregnant at the time of the survey (%)",11.9,NA,"","","TR","North Tripura"
"19. Women age 15-24 years who use hygienic methods of protection during their menstrual period5 (%)",74.2,NA,"","","TR","North Tripura"
"20. Any method6 (%)",78.3,NA,"","","TR","North Tripura"
"21. Any modern method6 (%)",54.4,NA,"","","TR","North Tripura"
"22. Female sterilization (%)",10.9,NA,"","","TR","North Tripura"
"23. Male sterilization (%)",0.1,NA,"","","TR","North Tripura"
"24. IUD/PPIUD (%)",1.1,NA,"","","TR","North Tripura"
"25. Pill (%)",35.3,NA,"","","TR","North Tripura"
"26. Condom (%)",4.6,NA,"","","TR","North Tripura"
"27. Injectables (%)",0,NA,"","","TR","North Tripura"
"28. Total unmet need7 (%)",6.1,NA,"","","TR","North Tripura"
"29. Unmet need for spacing7 (%)",2.5,NA,"","","TR","North Tripura"
"30. Health worker ever talked to female non-users about family planning (%)",13.5,NA,"","","TR","North Tripura"
"31. Current users ever told about side effects of current method8 (%)",62.2,NA,"","","TR","North Tripura"
"32. Mothers who had an antenatal check-up in the first trimester (%)",75.5,NA,"","","TR","North Tripura"
"33. Mothers who had at least 4 antenatal care visits (%)",67.1,NA,"","","TR","North Tripura"
"34. Mothers whose last birth was protected against neonatal tetanus9 (%)",95,NA,"","","TR","North Tripura"
"35. Mothers who consumed iron folic acid for 100 days or more when they were pregnant (%)",17.3,NA,"","","TR","North Tripura"
"36. Mothers who consumed iron folic acid for 180 days or more when they were pregnant (%)",3.8,NA,"","","TR","North Tripura"
"37. Registered pregnancies for which the mother received a Mother and Child Protection (MCP) card (%)",93.8,NA,"","","TR","North Tripura"
"38. Mothers who received postnatal care from a doctor/nurse/LHV/ANM/midwife/other health personnel within 2 days of delivery (%)",76.6,NA,"","","TR","North Tripura"
"39. Average out-of-pocket expenditure per delivery in a public health facility (Rs.)",4418,NA,"","","TR","North Tripura"
"40. Children born at home who were taken to a health facility for a check-up within 24 hours of birth (%)",0,NA,"Based on 25-49 unweighted cases","","TR","North Tripura"
"41. Children who received postnatal care from a doctor/nurse/LHV/ANM/midwife/other health personnel within 2 days of delivery (%)",77.4,NA,"","","TR","North Tripura"
"42. Institutional births (%)",85.4,NA,"","","TR","North Tripura"
"43. Institutional births in public facility (%)",65.2,NA,"","","TR","North Tripura"
"44. Home births that were conducted by skilled health personnel10 (%)",1.3,NA,"","","TR","North Tripura"
"45. Births attended by skilled health personnel10 (%)",86.7,NA,"","","TR","North Tripura"
"46. Births delivered by caesarean section (%)",18.2,NA,"","","TR","North Tripura"
"47. Births in a private health facility that were delivered by caesarean section (%)",42.8,NA,"","","TR","North Tripura"
"48. Births in a public health facility that were delivered by caesarean section (%)",14.7,NA,"","","TR","North Tripura"
"49. Children age 12-23 months fully vaccinated based on information from either vaccination card or mother's recall11 (%)",69.6,NA,"","","TR","North Tripura"
"50. Children age 12-23 months fully vaccinated based on information from vaccination card only12 (%)",67.9,NA,"","","TR","North Tripura"
"51. Children age 12-23 months who have received BCG (%)",93.1,NA,"","","TR","North Tripura"
"52. Children age 12-23 months who have received 3 doses of polio vaccine13 (%)",74.1,NA,"","","TR","North Tripura"
"53. Children age 12-23 months who have received 3 doses of penta or DPT vaccine (%)",77.5,NA,"","","TR","North Tripura"
"54. Children age 12-23 months who have received the first dose of measles-containing vaccine (MCV) (%)",74.6,NA,"","","TR","North Tripura"
"55. Children age 24-35 months who have received a second dose of measles-containing vaccine (MCV) (%)",9.5,NA,"","","TR","North Tripura"
"56. Children age 12-23 months who have received 3 doses of rotavirus vaccine14 (%)",50.9,NA,"","","TR","North Tripura"
"57. Children age 12-23 months who have received 3 doses of penta or hepatitis B vaccine (%)",74.6,NA,"","","TR","North Tripura"
"58. Children age 9-35 months who received a vitamin A dose in the last 6 months (%)",61.6,NA,"","","TR","North Tripura"
"59. Children age 12-23 months who received most of their vaccinations in a public health facility (%)",97.6,NA,"","","TR","North Tripura"
"60. Children age 12-23 months who received most of their vaccinations in a private health facility (%)",0,NA,"","","TR","North Tripura"
"61. Prevalence of diarrhoea in the 2 weeks preceding the survey (%)",5.7,NA,"","","TR","North Tripura"
"62. Children with diarrhoea in the 2 weeks preceding the survey who received oral rehydration salts (ORS) (%)",NA,NA,"Percentage not shown; based on fewer than 25 unweighted cases","","TR","North Tripura"
"63. Children with diarrhoea in the 2 weeks preceding the survey who received zinc (%)",NA,NA,"Percentage not shown; based on fewer than 25 unweighted cases","","TR","North Tripura"
"64. Children with diarrhoea in the 2 weeks preceding the survey taken to a health facility or health provider (%)",NA,NA,"Percentage not shown; based on fewer than 25 unweighted cases","","TR","North Tripura"
"65. Prevalence of symptoms of acute respiratory infection (ARI) in the 2 weeks preceding the survey (%)",0.7,NA,"","","TR","North Tripura"
"66. Children with fever or symptoms of ARI in the 2 weeks preceding the survey taken to a health facility or health provider (%)",69.4,NA,"Based on 25-49 unweighted cases","","TR","North Tripura"
"67. Children under age 3 years breastfed within one hour of birth15 (%)",61.1,NA,"","","TR","North Tripura"
"68. Children under age 6 months exclusively breastfed16 (%)",58.1,NA,"Based on 25-49 unweighted cases","","TR","North Tripura"
"69. Children age 6-8 months receiving solid or semi-solid food and breastmilk16 (%)",NA,NA,"Percentage not shown; based on fewer than 25 unweighted cases","","TR","North Tripura"
"70. Breastfeeding children age 6-23 months receiving an adequate diet16, 17  (%)",12.6,NA,"","","TR","North Tripura"
"71. Non-breastfeeding children age 6-23 months receiving an adequate diet16, 17 (%)",NA,NA,"Percentage not shown; based on fewer than 25 unweighted cases","","TR","North Tripura"
"72. Total children age 6-23 months receiving an adequate diet16, 17  (%)",11.8,NA,"","","TR","North Tripura"
"73. Children under 5 years who are stunted (height-for-age)18 (%)",26.2,NA,"","","TR","North Tripura"
"74. Children under 5 years who are wasted (weight-for-height)18 (%)",30,NA,"","","TR","North Tripura"
"75. Children under 5 years who are severely wasted (weight-for-height)19 (%)",18.1,NA,"","","TR","North Tripura"
"76. Children under 5 years who are underweight (weight-for-age)18 (%)",32.2,NA,"","","TR","North Tripura"
"77. Children under 5 years who are overweight (weight-for-height)20 (%)",9,NA,"","","TR","North Tripura"
"78. Women whose Body Mass Index (BMI) is below normal (BMI <18.5 kg/m2)21 (%)",18.6,NA,"","","TR","North Tripura"
"79. Women who are overweight or obese (BMI ≥25.0 kg/m2)21 (%)",16.8,NA,"","","TR","North Tripura"
"80. Women who have high risk waist-to-hip ratio (≥0.85) (%)",56,NA,"","","TR","North Tripura"
"81. Children age 6-59 months who are anaemic (<11.0 g/dl)22 (%)",52.5,NA,"","","TR","North Tripura"
"82. Non-pregnant women age 15-49 years who are anaemic (<12.0 g/dl)22 (%)",69.6,NA,"","","TR","North Tripura"
"83. Pregnant women age 15-49 years who are anaemic (<11.0 g/dl)22 (%)",55.3,NA,"Based on 25-49 unweighted cases","","TR","North Tripura"
"84. All women age 15-49 years who are anaemic22 (%)",69.3,NA,"","","TR","North Tripura"
"85. All women age 15-19 years who are anaemic22 (%)",72.3,NA,"","","TR","North Tripura"
"86. Blood sugar level - high (141-160 mg/dl)23 (%)",10.6,NA,"","","TR","North Tripura"
"87. Blood sugar level - very high (>160 mg/dl)23 (%)",7.3,NA,"","","TR","North Tripura"
"88. Blood sugar level - high or very high (>140 mg/dl) or taking medicine to control blood sugar level23 (%)",18.3,NA,"","","TR","North Tripura"
"89. Blood sugar level - high (141-160 mg/dl)23 (%)",12.8,NA,"","","TR","North Tripura"
"90. Blood sugar level - very high (>160 mg/dl)23 (%)",9.2,NA,"","","TR","North Tripura"
"91. Blood sugar level - high or very high (>140 mg/dl) or taking medicine to control blood sugar level23 (%)",22.9,NA,"","","TR","North Tripura"
"92. Mildly elevated blood pressure (Systolic 140-159 mm of Hg and/or Diastolic 90-99 mm of Hg) (%)",9.8,NA,"","","TR","North Tripura"
"93. Moderately or severely elevated blood pressure (Systolic ≥160mm of Hg and/or Diastolic ≥100mm of Hg) (%)",4.5,NA,"","","TR","North Tripura"
"94. Elevated blood pressure (Systolic ≥140 mm of Hg and/or Diastolic ≥90 mm of Hg) or taking medicine to control blood pressure (%)",18.8,NA,"","","TR","North Tripura"
"95. Mildly elevated blood pressure (Systolic 140-159 mm of Hg and/or Diastolic 90-99 mm of Hg) (%)",10.3,NA,"","","TR","North Tripura"
"96. Moderately or severely elevated blood pressure (Systolic ≥160mm of Hg and/or Diastolic ≥100mm of Hg) (%)",5.2,NA,"","","TR","North Tripura"
"97. Elevated blood pressure (Systolic ≥140 mm of Hg and/or Diastolic ≥90 mm of Hg) or taking medicine to control blood pressure (%)",19.3,NA,"","","TR","North Tripura"
"98. Ever undergone a screening test for cervical cancer (%)",0.2,NA,"","","TR","North Tripura"
"99. Ever undergone a breast examination for breast cancer (%)",0,NA,"","","TR","North Tripura"
"100. Ever undergone an oral cavity examination for oral cancer (%)",0,NA,"","","TR","North Tripura"
"101. Women age 15 years and above who use any kind of tobacco (%)",52.5,NA,"","","TR","North Tripura"
"102. Men age 15 years and above who use any kind of tobacco (%)",64,NA,"","","TR","North Tripura"
"103. Women age 15 years and above who consume alcohol (%)",6.1,NA,"","","TR","North Tripura"
"104. Men age 15 years and above who consume alcohol (%)",33.5,NA,"","","TR","North Tripura"
"1. Female population age 6 years and above who ever attended school (%)",78.9,NA,"","","TR","Sepahijala"
"2. Population below age 15 years (%)",23.4,NA,"","","TR","Sepahijala"
"3. Sex ratio of the total population (females per 1,000 males)",1021,NA,"","","TR","Sepahijala"
"4. Sex ratio at birth for children born in the last five years (females per 1,000 males)",930,NA,"","","TR","Sepahijala"
"5. Children under age 5 years whose birth was registered with the civil authority (%)",95.3,NA,"","","TR","Sepahijala"
"6. Deaths in the last 3 years registered with the civil authority (%)",67.4,NA,"","","TR","Sepahijala"
"7. Population living in households with electricity (%)",99,NA,"","","TR","Sepahijala"
"8. Population living in households with an improved drinking-water source1 (%)",97.4,NA,"","","TR","Sepahijala"
"9. Population living in households that use an improved sanitation facility2 (%)",75.4,NA,"","","TR","Sepahijala"
"10. Households using clean fuel for cooking3 (%)",37.1,NA,"","","TR","Sepahijala"
"11. Households using iodized salt (%)",99.7,NA,"","","TR","Sepahijala"
"12. Households with any usual member covered under a health insurance/financing scheme (%)",31.6,NA,"","","TR","Sepahijala"
"13. Children age 5 years who attended pre-primary school during the school year 2019-20 (%)",17.6,NA,"Based on 25-49 unweighted cases","","TR","Sepahijala"
"14. Women who are literate4 (%)",79.6,NA,"","","TR","Sepahijala"
"15. Women with 10 or more years of schooling (%)",21.7,NA,"","","TR","Sepahijala"
"16. Women age 20-24 years married before age 18 years (%)",51.9,NA,"","","TR","Sepahijala"
"17. Births in the 5 years preceding the survey that are third or higher order (%)",0.5,NA,"","","TR","Sepahijala"
"18. Women age 15-19 years who were already mothers or pregnant at the time of the survey (%)",26.6,NA,"","","TR","Sepahijala"
"19. Women age 15-24 years who use hygienic methods of protection during their menstrual period5 (%)",68.3,NA,"","","TR","Sepahijala"
"20. Any method6 (%)",58.9,NA,"","","TR","Sepahijala"
"21. Any modern method6 (%)",44.2,NA,"","","TR","Sepahijala"
"22. Female sterilization (%)",10.9,NA,"","","TR","Sepahijala"
"23. Male sterilization (%)",0,NA,"","","TR","Sepahijala"
"24. IUD/PPIUD (%)",0.8,NA,"","","TR","Sepahijala"
"25. Pill (%)",26.3,NA,"","","TR","Sepahijala"
"26. Condom (%)",2.7,NA,"","","TR","Sepahijala"
"27. Injectables (%)",0.7,NA,"","","TR","Sepahijala"
"28. Total unmet need7 (%)",15.3,NA,"","","TR","Sepahijala"
"29. Unmet need for spacing7 (%)",3.9,NA,"","","TR","Sepahijala"
"30. Health worker ever talked to female non-users about family planning (%)",9.8,NA,"","","TR","Sepahijala"
"31. Current users ever told about side effects of current method8 (%)",39.6,NA,"","","TR","Sepahijala"
"32. Mothers who had an antenatal check-up in the first trimester (%)",61.9,NA,"","","TR","Sepahijala"
"33. Mothers who had at least 4 antenatal care visits (%)",52.8,NA,"","","TR","Sepahijala"
"34. Mothers whose last birth was protected against neonatal tetanus9 (%)",90.2,NA,"","","TR","Sepahijala"
"35. Mothers who consumed iron folic acid for 100 days or more when they were pregnant (%)",18.8,NA,"","","TR","Sepahijala"
"36. Mothers who consumed iron folic acid for 180 days or more when they were pregnant (%)",6.8,NA,"","","TR","Sepahijala"
"37. Registered pregnancies for which the mother received a Mother and Child Protection (MCP) card (%)",93,NA,"","","TR","Sepahijala"
"38. Mothers who received postnatal care from a doctor/nurse/LHV/ANM/midwife/other health personnel within 2 days of delivery (%)",72.1,NA,"","","TR","Sepahijala"
"39. Average out-of-pocket expenditure per delivery in a public health facility (Rs.)",8389,NA,"","","TR","Sepahijala"
"40. Children born at home who were taken to a health facility for a check-up within 24 hours of birth (%)",NA,NA,"Percentage not shown; based on fewer than 25 unweighted cases","","TR","Sepahijala"
"41. Children who received postnatal care from a doctor/nurse/LHV/ANM/midwife/other health personnel within 2 days of delivery (%)",70.1,NA,"","","TR","Sepahijala"
"42. Institutional births (%)",87.7,NA,"","","TR","Sepahijala"
"43. Institutional births in public facility (%)",81.7,NA,"","","TR","Sepahijala"
"44. Home births that were conducted by skilled health personnel10 (%)",1.1,NA,"","","TR","Sepahijala"
"45. Births attended by skilled health personnel10 (%)",87.2,NA,"","","TR","Sepahijala"
"46. Births delivered by caesarean section (%)",21.8,NA,"","","TR","Sepahijala"
"47. Births in a private health facility that were delivered by caesarean section (%)",NA,NA,"Percentage not shown; based on fewer than 25 unweighted cases","","TR","Sepahijala"
"48. Births in a public health facility that were delivered by caesarean section (%)",21.3,NA,"","","TR","Sepahijala"
"49. Children age 12-23 months fully vaccinated based on information from either vaccination card or mother's recall11 (%)",70.3,NA,"Based on 25-49 unweighted cases","","TR","Sepahijala"
"50. Children age 12-23 months fully vaccinated based on information from vaccination card only12 (%)",78.6,NA,"Based on 25-49 unweighted cases","","TR","Sepahijala"
"51. Children age 12-23 months who have received BCG (%)",97.6,NA,"Based on 25-49 unweighted cases","","TR","Sepahijala"
"52. Children age 12-23 months who have received 3 doses of polio vaccine13 (%)",78.1,NA,"Based on 25-49 unweighted cases","","TR","Sepahijala"
"53. Children age 12-23 months who have received 3 doses of penta or DPT vaccine (%)",89.6,NA,"Based on 25-49 unweighted cases","","TR","Sepahijala"
"54. Children age 12-23 months who have received the first dose of measles-containing vaccine (MCV) (%)",84.7,NA,"Based on 25-49 unweighted cases","","TR","Sepahijala"
"55. Children age 24-35 months who have received a second dose of measles-containing vaccine (MCV) (%)",18.8,NA,"Based on 25-49 unweighted cases","","TR","Sepahijala"
"56. Children age 12-23 months who have received 3 doses of rotavirus vaccine14 (%)",60.8,NA,"Based on 25-49 unweighted cases","","TR","Sepahijala"
"57. Children age 12-23 months who have received 3 doses of penta or hepatitis B vaccine (%)",86.8,NA,"Based on 25-49 unweighted cases","","TR","Sepahijala"
"58. Children age 9-35 months who received a vitamin A dose in the last 6 months (%)",80.8,NA,"","","TR","Sepahijala"
"59. Children age 12-23 months who received most of their vaccinations in a public health facility (%)",97.4,NA,"Based on 25-49 unweighted cases","","TR","Sepahijala"
"60. Children age 12-23 months who received most of their vaccinations in a private health facility (%)",0,NA,"Based on 25-49 unweighted cases","","TR","Sepahijala"
"61. Prevalence of diarrhoea in the 2 weeks preceding the survey (%)",9.9,NA,"","","TR","Sepahijala"
"62. Children with diarrhoea in the 2 weeks preceding the survey who received oral rehydration salts (ORS) (%)",NA,NA,"Percentage not shown; based on fewer than 25 unweighted cases","","TR","Sepahijala"
"63. Children with diarrhoea in the 2 weeks preceding the survey who received zinc (%)",NA,NA,"Percentage not shown; based on fewer than 25 unweighted cases","","TR","Sepahijala"
"64. Children with diarrhoea in the 2 weeks preceding the survey taken to a health facility or health provider (%)",NA,NA,"Percentage not shown; based on fewer than 25 unweighted cases","","TR","Sepahijala"
"65. Prevalence of symptoms of acute respiratory infection (ARI) in the 2 weeks preceding the survey (%)",0.4,NA,"","","TR","Sepahijala"
"66. Children with fever or symptoms of ARI in the 2 weeks preceding the survey taken to a health facility or health provider (%)",61.6,NA,"","","TR","Sepahijala"
"67. Children under age 3 years breastfed within one hour of birth15 (%)",46.4,NA,"","","TR","Sepahijala"
"68. Children under age 6 months exclusively breastfed16 (%)",NA,NA,"Percentage not shown; based on fewer than 25 unweighted cases","","TR","Sepahijala"
"69. Children age 6-8 months receiving solid or semi-solid food and breastmilk16 (%)",NA,NA,"Percentage not shown; based on fewer than 25 unweighted cases","","TR","Sepahijala"
"70. Breastfeeding children age 6-23 months receiving an adequate diet16, 17  (%)",11.9,NA,"","","TR","Sepahijala"
"71. Non-breastfeeding children age 6-23 months receiving an adequate diet16, 17 (%)",NA,NA,"Percentage not shown; based on fewer than 25 unweighted cases","","TR","Sepahijala"
"72. Total children age 6-23 months receiving an adequate diet16, 17  (%)",12.8,NA,"","","TR","Sepahijala"
"73. Children under 5 years who are stunted (height-for-age)18 (%)",34.5,NA,"","","TR","Sepahijala"
"74. Children under 5 years who are wasted (weight-for-height)18 (%)",14.9,NA,"","","TR","Sepahijala"
"75. Children under 5 years who are severely wasted (weight-for-height)19 (%)",6.7,NA,"","","TR","Sepahijala"
"76. Children under 5 years who are underweight (weight-for-age)18 (%)",21,NA,"","","TR","Sepahijala"
"77. Children under 5 years who are overweight (weight-for-height)20 (%)",12.4,NA,"","","TR","Sepahijala"
"78. Women whose Body Mass Index (BMI) is below normal (BMI <18.5 kg/m2)21 (%)",13.9,NA,"","","TR","Sepahijala"
"79. Women who are overweight or obese (BMI ≥25.0 kg/m2)21 (%)",24.2,NA,"","","TR","Sepahijala"
"80. Women who have high risk waist-to-hip ratio (≥0.85) (%)",72.7,NA,"","","TR","Sepahijala"
"81. Children age 6-59 months who are anaemic (<11.0 g/dl)22 (%)",72.1,NA,"","","TR","Sepahijala"
"82. Non-pregnant women age 15-49 years who are anaemic (<12.0 g/dl)22 (%)",69.8,NA,"","","TR","Sepahijala"
"83. Pregnant women age 15-49 years who are anaemic (<11.0 g/dl)22 (%)",55.8,NA,"Based on 25-49 unweighted cases","","TR","Sepahijala"
"84. All women age 15-49 years who are anaemic22 (%)",69.4,NA,"","","TR","Sepahijala"
"85. All women age 15-19 years who are anaemic22 (%)",70.4,NA,"","","TR","Sepahijala"
"86. Blood sugar level - high (141-160 mg/dl)23 (%)",8.7,NA,"","","TR","Sepahijala"
"87. Blood sugar level - very high (>160 mg/dl)23 (%)",8.6,NA,"","","TR","Sepahijala"
"88. Blood sugar level - high or very high (>140 mg/dl) or taking medicine to control blood sugar level23 (%)",18.2,NA,"","","TR","Sepahijala"
"89. Blood sugar level - high (141-160 mg/dl)23 (%)",10,NA,"","","TR","Sepahijala"
"90. Blood sugar level - very high (>160 mg/dl)23 (%)",11.3,NA,"","","TR","Sepahijala"
"91. Blood sugar level - high or very high (>140 mg/dl) or taking medicine to control blood sugar level23 (%)",22.2,NA,"","","TR","Sepahijala"
"92. Mildly elevated blood pressure (Systolic 140-159 mm of Hg and/or Diastolic 90-99 mm of Hg) (%)",9.9,NA,"","","TR","Sepahijala"
"93. Moderately or severely elevated blood pressure (Systolic ≥160mm of Hg and/or Diastolic ≥100mm of Hg) (%)",4.3,NA,"","","TR","Sepahijala"
"94. Elevated blood pressure (Systolic ≥140 mm of Hg and/or Diastolic ≥90 mm of Hg) or taking medicine to control blood pressure (%)",19.3,NA,"","","TR","Sepahijala"
"95. Mildly elevated blood pressure (Systolic 140-159 mm of Hg and/or Diastolic 90-99 mm of Hg) (%)",11.3,NA,"","","TR","Sepahijala"
"96. Moderately or severely elevated blood pressure (Systolic ≥160mm of Hg and/or Diastolic ≥100mm of Hg) (%)",3.3,NA,"","","TR","Sepahijala"
"97. Elevated blood pressure (Systolic ≥140 mm of Hg and/or Diastolic ≥90 mm of Hg) or taking medicine to control blood pressure (%)",19.9,NA,"","","TR","Sepahijala"
"98. Ever undergone a screening test for cervical cancer (%)",0.9,NA,"","","TR","Sepahijala"
"99. Ever undergone a breast examination for breast cancer (%)",0.2,NA,"","","TR","Sepahijala"
"100. Ever undergone an oral cavity examination for oral cancer (%)",0.4,NA,"","","TR","Sepahijala"
"101. Women age 15 years and above who use any kind of tobacco (%)",47.6,NA,"","","TR","Sepahijala"
"102. Men age 15 years and above who use any kind of tobacco (%)",50.4,NA,"","","TR","Sepahijala"
"103. Women age 15 years and above who consume alcohol (%)",8.1,NA,"","","TR","Sepahijala"
"104. Men age 15 years and above who consume alcohol (%)",29.5,NA,"","","TR","Sepahijala"
"1. Female population age 6 years and above who ever attended school (%)",80.4,NA,"","","TR","South Tripura"
"2. Population below age 15 years (%)",24.5,NA,"","","TR","South Tripura"
"3. Sex ratio of the total population (females per 1,000 males)",1054,NA,"","","TR","South Tripura"
"4. Sex ratio at birth for children born in the last five years (females per 1,000 males)",1136,NA,"","","TR","South Tripura"
"5. Children under age 5 years whose birth was registered with the civil authority (%)",91.7,NA,"","","TR","South Tripura"
"6. Deaths in the last 3 years registered with the civil authority (%)",75.2,NA,"","","TR","South Tripura"
"7. Population living in households with electricity (%)",95.9,NA,"","","TR","South Tripura"
"8. Population living in households with an improved drinking-water source1 (%)",90.5,NA,"","","TR","South Tripura"
"9. Population living in households that use an improved sanitation facility2 (%)",68.6,NA,"","","TR","South Tripura"
"10. Households using clean fuel for cooking3 (%)",29.4,NA,"","","TR","South Tripura"
"11. Households using iodized salt (%)",99.3,NA,"","","TR","South Tripura"
"12. Households with any usual member covered under a health insurance/financing scheme (%)",37.3,NA,"","","TR","South Tripura"
"13. Children age 5 years who attended pre-primary school during the school year 2019-20 (%)",23.6,NA,"Based on 25-49 unweighted cases","","TR","South Tripura"
"14. Women who are literate4 (%)",80.3,NA,"","","TR","South Tripura"
"15. Women with 10 or more years of schooling (%)",21.6,NA,"","","TR","South Tripura"
"16. Women age 20-24 years married before age 18 years (%)",46.2,NA,"","","TR","South Tripura"
"17. Births in the 5 years preceding the survey that are third or higher order (%)",0.9,NA,"","","TR","South Tripura"
"18. Women age 15-19 years who were already mothers or pregnant at the time of the survey (%)",23.1,NA,"","","TR","South Tripura"
"19. Women age 15-24 years who use hygienic methods of protection during their menstrual period5 (%)",49.6,NA,"","","TR","South Tripura"
"20. Any method6 (%)",50.7,NA,"","","TR","South Tripura"
"21. Any modern method6 (%)",40.3,NA,"","","TR","South Tripura"
"22. Female sterilization (%)",4.6,NA,"","","TR","South Tripura"
"23. Male sterilization (%)",0,NA,"","","TR","South Tripura"
"24. IUD/PPIUD (%)",0.4,NA,"","","TR","South Tripura"
"25. Pill (%)",27.9,NA,"","","TR","South Tripura"
"26. Condom (%)",4,NA,"","","TR","South Tripura"
"27. Injectables (%)",0.8,NA,"","","TR","South Tripura"
"28. Total unmet need7 (%)",17.3,NA,"","","TR","South Tripura"
"29. Unmet need for spacing7 (%)",3.7,NA,"","","TR","South Tripura"
"30. Health worker ever talked to female non-users about family planning (%)",13,NA,"","","TR","South Tripura"
"31. Current users ever told about side effects of current method8 (%)",28.3,NA,"","","TR","South Tripura"
"32. Mothers who had an antenatal check-up in the first trimester (%)",54.2,NA,"","","TR","South Tripura"
"33. Mothers who had at least 4 antenatal care visits (%)",58.4,NA,"","","TR","South Tripura"
"34. Mothers whose last birth was protected against neonatal tetanus9 (%)",89.4,NA,"","","TR","South Tripura"
"35. Mothers who consumed iron folic acid for 100 days or more when they were pregnant (%)",29.5,NA,"","","TR","South Tripura"
"36. Mothers who consumed iron folic acid for 180 days or more when they were pregnant (%)",13.3,NA,"","","TR","South Tripura"
"37. Registered pregnancies for which the mother received a Mother and Child Protection (MCP) card (%)",84.6,NA,"","","TR","South Tripura"
"38. Mothers who received postnatal care from a doctor/nurse/LHV/ANM/midwife/other health personnel within 2 days of delivery (%)",68,NA,"","","TR","South Tripura"
"39. Average out-of-pocket expenditure per delivery in a public health facility (Rs.)",7199,NA,"","","TR","South Tripura"
"40. Children born at home who were taken to a health facility for a check-up within 24 hours of birth (%)",NA,NA,"Percentage not shown; based on fewer than 25 unweighted cases","","TR","South Tripura"
"41. Children who received postnatal care from a doctor/nurse/LHV/ANM/midwife/other health personnel within 2 days of delivery (%)",67.7,NA,"","","TR","South Tripura"
"42. Institutional births (%)",89.7,NA,"","","TR","South Tripura"
"43. Institutional births in public facility (%)",80.9,NA,"","","TR","South Tripura"
"44. Home births that were conducted by skilled health personnel10 (%)",0.7,NA,"","","TR","South Tripura"
"45. Births attended by skilled health personnel10 (%)",88.6,NA,"","","TR","South Tripura"
"46. Births delivered by caesarean section (%)",20.4,NA,"","","TR","South Tripura"
"47. Births in a private health facility that were delivered by caesarean section (%)",NA,NA,"Percentage not shown; based on fewer than 25 unweighted cases","","TR","South Tripura"
"48. Births in a public health facility that were delivered by caesarean section (%)",16.1,NA,"","","TR","South Tripura"
"49. Children age 12-23 months fully vaccinated based on information from either vaccination card or mother's recall11 (%)",48.5,NA,"Based on 25-49 unweighted cases","","TR","South Tripura"
"50. Children age 12-23 months fully vaccinated based on information from vaccination card only12 (%)",65.6,NA,"Based on 25-49 unweighted cases","","TR","South Tripura"
"51. Children age 12-23 months who have received BCG (%)",89,NA,"Based on 25-49 unweighted cases","","TR","South Tripura"
"52. Children age 12-23 months who have received 3 doses of polio vaccine13 (%)",57.3,NA,"Based on 25-49 unweighted cases","","TR","South Tripura"
"53. Children age 12-23 months who have received 3 doses of penta or DPT vaccine (%)",81.1,NA,"Based on 25-49 unweighted cases","","TR","South Tripura"
"54. Children age 12-23 months who have received the first dose of measles-containing vaccine (MCV) (%)",83.7,NA,"Based on 25-49 unweighted cases","","TR","South Tripura"
"55. Children age 24-35 months who have received a second dose of measles-containing vaccine (MCV) (%)",19.3,NA,"Based on 25-49 unweighted cases","","TR","South Tripura"
"56. Children age 12-23 months who have received 3 doses of rotavirus vaccine14 (%)",55.6,NA,"Based on 25-49 unweighted cases","","TR","South Tripura"
"57. Children age 12-23 months who have received 3 doses of penta or hepatitis B vaccine (%)",72.7,NA,"Based on 25-49 unweighted cases","","TR","South Tripura"
"58. Children age 9-35 months who received a vitamin A dose in the last 6 months (%)",75.2,NA,"","","TR","South Tripura"
"59. Children age 12-23 months who received most of their vaccinations in a public health facility (%)",100,NA,"Based on 25-49 unweighted cases","","TR","South Tripura"
"60. Children age 12-23 months who received most of their vaccinations in a private health facility (%)",0,NA,"Based on 25-49 unweighted cases","","TR","South Tripura"
"61. Prevalence of diarrhoea in the 2 weeks preceding the survey (%)",11.3,NA,"","","TR","South Tripura"
"62. Children with diarrhoea in the 2 weeks preceding the survey who received oral rehydration salts (ORS) (%)",69.2,NA,"Based on 25-49 unweighted cases","","TR","South Tripura"
"63. Children with diarrhoea in the 2 weeks preceding the survey who received zinc (%)",23.5,NA,"Based on 25-49 unweighted cases","","TR","South Tripura"
"64. Children with diarrhoea in the 2 weeks preceding the survey taken to a health facility or health provider (%)",72.8,NA,"Based on 25-49 unweighted cases","","TR","South Tripura"
"65. Prevalence of symptoms of acute respiratory infection (ARI) in the 2 weeks preceding the survey (%)",3.2,NA,"","","TR","South Tripura"
"66. Children with fever or symptoms of ARI in the 2 weeks preceding the survey taken to a health facility or health provider (%)",63.6,NA,"","","TR","South Tripura"
"67. Children under age 3 years breastfed within one hour of birth15 (%)",15.8,NA,"","","TR","South Tripura"
"68. Children under age 6 months exclusively breastfed16 (%)",NA,NA,"Percentage not shown; based on fewer than 25 unweighted cases","","TR","South Tripura"
"69. Children age 6-8 months receiving solid or semi-solid food and breastmilk16 (%)",NA,NA,"Percentage not shown; based on fewer than 25 unweighted cases","","TR","South Tripura"
"70. Breastfeeding children age 6-23 months receiving an adequate diet16, 17  (%)",10.5,NA,"","","TR","South Tripura"
"71. Non-breastfeeding children age 6-23 months receiving an adequate diet16, 17 (%)",NA,NA,"Percentage not shown; based on fewer than 25 unweighted cases","","TR","South Tripura"
"72. Total children age 6-23 months receiving an adequate diet16, 17  (%)",9.9,NA,"","","TR","South Tripura"
"73. Children under 5 years who are stunted (height-for-age)18 (%)",25.5,NA,"","","TR","South Tripura"
"74. Children under 5 years who are wasted (weight-for-height)18 (%)",15.3,NA,"","","TR","South Tripura"
"75. Children under 5 years who are severely wasted (weight-for-height)19 (%)",5.2,NA,"","","TR","South Tripura"
"76. Children under 5 years who are underweight (weight-for-age)18 (%)",21.6,NA,"","","TR","South Tripura"
"77. Children under 5 years who are overweight (weight-for-height)20 (%)",5,NA,"","","TR","South Tripura"
"78. Women whose Body Mass Index (BMI) is below normal (BMI <18.5 kg/m2)21 (%)",16.8,NA,"","","TR","South Tripura"
"79. Women who are overweight or obese (BMI ≥25.0 kg/m2)21 (%)",22.8,NA,"","","TR","South Tripura"
"80. Women who have high risk waist-to-hip ratio (≥0.85) (%)",51.9,NA,"","","TR","South Tripura"
"81. Children age 6-59 months who are anaemic (<11.0 g/dl)22 (%)",59.6,NA,"","","TR","South Tripura"
"82. Non-pregnant women age 15-49 years who are anaemic (<12.0 g/dl)22 (%)",66.8,NA,"","","TR","South Tripura"
"83. Pregnant women age 15-49 years who are anaemic (<11.0 g/dl)22 (%)",57.1,NA,"Based on 25-49 unweighted cases","","TR","South Tripura"
"84. All women age 15-49 years who are anaemic22 (%)",66.5,NA,"","","TR","South Tripura"
"85. All women age 15-19 years who are anaemic22 (%)",70.8,NA,"","","TR","South Tripura"
"86. Blood sugar level - high (141-160 mg/dl)23 (%)",8.3,NA,"","","TR","South Tripura"
"87. Blood sugar level - very high (>160 mg/dl)23 (%)",8.1,NA,"","","TR","South Tripura"
"88. Blood sugar level - high or very high (>140 mg/dl) or taking medicine to control blood sugar level23 (%)",18.2,NA,"","","TR","South Tripura"
"89. Blood sugar level - high (141-160 mg/dl)23 (%)",9.7,NA,"","","TR","South Tripura"
"90. Blood sugar level - very high (>160 mg/dl)23 (%)",8.9,NA,"","","TR","South Tripura"
"91. Blood sugar level - high or very high (>140 mg/dl) or taking medicine to control blood sugar level23 (%)",20.4,NA,"","","TR","South Tripura"
"92. Mildly elevated blood pressure (Systolic 140-159 mm of Hg and/or Diastolic 90-99 mm of Hg) (%)",11.4,NA,"","","TR","South Tripura"
"93. Moderately or severely elevated blood pressure (Systolic ≥160mm of Hg and/or Diastolic ≥100mm of Hg) (%)",4.9,NA,"","","TR","South Tripura"
"94. Elevated blood pressure (Systolic ≥140 mm of Hg and/or Diastolic ≥90 mm of Hg) or taking medicine to control blood pressure (%)",22.4,NA,"","","TR","South Tripura"
"95. Mildly elevated blood pressure (Systolic 140-159 mm of Hg and/or Diastolic 90-99 mm of Hg) (%)",14.5,NA,"","","TR","South Tripura"
"96. Moderately or severely elevated blood pressure (Systolic ≥160mm of Hg and/or Diastolic ≥100mm of Hg) (%)",4.6,NA,"","","TR","South Tripura"
"97. Elevated blood pressure (Systolic ≥140 mm of Hg and/or Diastolic ≥90 mm of Hg) or taking medicine to control blood pressure (%)",24.2,NA,"","","TR","South Tripura"
"98. Ever undergone a screening test for cervical cancer (%)",1.4,NA,"","","TR","South Tripura"
"99. Ever undergone a breast examination for breast cancer (%)",0.5,NA,"","","TR","South Tripura"
"100. Ever undergone an oral cavity examination for oral cancer (%)",1.8,NA,"","","TR","South Tripura"
"101. Women age 15 years and above who use any kind of tobacco (%)",51,NA,"","","TR","South Tripura"
"102. Men age 15 years and above who use any kind of tobacco (%)",54.3,NA,"","","TR","South Tripura"
"103. Women age 15 years and above who consume alcohol (%)",5.6,NA,"","","TR","South Tripura"
"104. Men age 15 years and above who consume alcohol (%)",30.5,NA,"","","TR","South Tripura"
"1. Female population age 6 years and above who ever attended school (%)",81.6,NA,"","","TR","Unakoti"
"2. Population below age 15 years (%)",27.4,NA,"","","TR","Unakoti"
"3. Sex ratio of the total population (females per 1,000 males)",1079,NA,"","","TR","Unakoti"
"4. Sex ratio at birth for children born in the last five years (females per 1,000 males)",1036,NA,"","","TR","Unakoti"
"5. Children under age 5 years whose birth was registered with the civil authority (%)",91.7,NA,"","","TR","Unakoti"
"6. Deaths in the last 3 years registered with the civil authority (%)",71.1,NA,"","","TR","Unakoti"
"7. Population living in households with electricity (%)",96.4,NA,"","","TR","Unakoti"
"8. Population living in households with an improved drinking-water source1 (%)",78.6,NA,"","","TR","Unakoti"
"9. Population living in households that use an improved sanitation facility2 (%)",61.8,NA,"","","TR","Unakoti"
"10. Households using clean fuel for cooking3 (%)",29.2,NA,"","","TR","Unakoti"
"11. Households using iodized salt (%)",99.3,NA,"","","TR","Unakoti"
"12. Households with any usual member covered under a health insurance/financing scheme (%)",28,NA,"","","TR","Unakoti"
"13. Children age 5 years who attended pre-primary school during the school year 2019-20 (%)",26.2,NA,"","","TR","Unakoti"
"14. Women who are literate4 (%)",76.4,NA,"","","TR","Unakoti"
"15. Women with 10 or more years of schooling (%)",18.7,NA,"","","TR","Unakoti"
"16. Women age 20-24 years married before age 18 years (%)",38,NA,"","","TR","Unakoti"
"17. Births in the 5 years preceding the survey that are third or higher order (%)",0.4,NA,"","","TR","Unakoti"
"18. Women age 15-19 years who were already mothers or pregnant at the time of the survey (%)",21.2,NA,"","","TR","Unakoti"
"19. Women age 15-24 years who use hygienic methods of protection during their menstrual period5 (%)",56.8,NA,"","","TR","Unakoti"
"20. Any method6 (%)",66.8,NA,"","","TR","Unakoti"
"21. Any modern method6 (%)",40.2,NA,"","","TR","Unakoti"
"22. Female sterilization (%)",6.2,NA,"","","TR","Unakoti"
"23. Male sterilization (%)",0.1,NA,"","","TR","Unakoti"
"24. IUD/PPIUD (%)",0.6,NA,"","","TR","Unakoti"
"25. Pill (%)",29.6,NA,"","","TR","Unakoti"
"26. Condom (%)",1.4,NA,"","","TR","Unakoti"
"27. Injectables (%)",0.4,NA,"","","TR","Unakoti"
"28. Total unmet need7 (%)",9.7,NA,"","","TR","Unakoti"
"29. Unmet need for spacing7 (%)",3.7,NA,"","","TR","Unakoti"
"30. Health worker ever talked to female non-users about family planning (%)",5.4,NA,"","","TR","Unakoti"
"31. Current users ever told about side effects of current method8 (%)",21.9,NA,"","","TR","Unakoti"
"32. Mothers who had an antenatal check-up in the first trimester (%)",41,NA,"","","TR","Unakoti"
"33. Mothers who had at least 4 antenatal care visits (%)",24.6,NA,"","","TR","Unakoti"
"34. Mothers whose last birth was protected against neonatal tetanus9 (%)",95.6,NA,"","","TR","Unakoti"
"35. Mothers who consumed iron folic acid for 100 days or more when they were pregnant (%)",31.6,NA,"","","TR","Unakoti"
"36. Mothers who consumed iron folic acid for 180 days or more when they were pregnant (%)",14.3,NA,"","","TR","Unakoti"
"37. Registered pregnancies for which the mother received a Mother and Child Protection (MCP) card (%)",89.4,NA,"","","TR","Unakoti"
"38. Mothers who received postnatal care from a doctor/nurse/LHV/ANM/midwife/other health personnel within 2 days of delivery (%)",44.5,NA,"","","TR","Unakoti"
"39. Average out-of-pocket expenditure per delivery in a public health facility (Rs.)",7693,NA,"","","TR","Unakoti"
"40. Children born at home who were taken to a health facility for a check-up within 24 hours of birth (%)",2.6,NA,"","","TR","Unakoti"
"41. Children who received postnatal care from a doctor/nurse/LHV/ANM/midwife/other health personnel within 2 days of delivery (%)",46.7,NA,"","","TR","Unakoti"
"42. Institutional births (%)",71.5,NA,"","","TR","Unakoti"
"43. Institutional births in public facility (%)",55.4,NA,"","","TR","Unakoti"
"44. Home births that were conducted by skilled health personnel10 (%)",2.9,NA,"","","TR","Unakoti"
"45. Births attended by skilled health personnel10 (%)",66,NA,"","","TR","Unakoti"
"46. Births delivered by caesarean section (%)",11.2,NA,"","","TR","Unakoti"
"47. Births in a private health facility that were delivered by caesarean section (%)",42.9,NA,"","","TR","Unakoti"
"48. Births in a public health facility that were delivered by caesarean section (%)",7.7,NA,"","","TR","Unakoti"
"49. Children age 12-23 months fully vaccinated based on information from either vaccination card or mother's recall11 (%)",58.3,NA,"","","TR","Unakoti"
"50. Children age 12-23 months fully vaccinated based on information from vaccination card only12 (%)",66.7,NA,"Based on 25-49 unweighted cases","","TR","Unakoti"
"51. Children age 12-23 months who have received BCG (%)",85.1,NA,"","","TR","Unakoti"
"52. Children age 12-23 months who have received 3 doses of polio vaccine13 (%)",63,NA,"","","TR","Unakoti"
"53. Children age 12-23 months who have received 3 doses of penta or DPT vaccine (%)",78,NA,"","","TR","Unakoti"
"54. Children age 12-23 months who have received the first dose of measles-containing vaccine (MCV) (%)",83.6,NA,"","","TR","Unakoti"
"55. Children age 24-35 months who have received a second dose of measles-containing vaccine (MCV) (%)",16.8,NA,"","","TR","Unakoti"
"56. Children age 12-23 months who have received 3 doses of rotavirus vaccine14 (%)",57.3,NA,"","","TR","Unakoti"
"57. Children age 12-23 months who have received 3 doses of penta or hepatitis B vaccine (%)",74.8,NA,"","","TR","Unakoti"
"58. Children age 9-35 months who received a vitamin A dose in the last 6 months (%)",73.7,NA,"","","TR","Unakoti"
"59. Children age 12-23 months who received most of their vaccinations in a public health facility (%)",96.7,NA,"Based on 25-49 unweighted cases","","TR","Unakoti"
"60. Children age 12-23 months who received most of their vaccinations in a private health facility (%)",1.5,NA,"Based on 25-49 unweighted cases","","TR","Unakoti"
"61. Prevalence of diarrhoea in the 2 weeks preceding the survey (%)",6.2,NA,"","","TR","Unakoti"
"62. Children with diarrhoea in the 2 weeks preceding the survey who received oral rehydration salts (ORS) (%)",NA,NA,"Percentage not shown; based on fewer than 25 unweighted cases","","TR","Unakoti"
"63. Children with diarrhoea in the 2 weeks preceding the survey who received zinc (%)",NA,NA,"Percentage not shown; based on fewer than 25 unweighted cases","","TR","Unakoti"
"64. Children with diarrhoea in the 2 weeks preceding the survey taken to a health facility or health provider (%)",NA,NA,"Percentage not shown; based on fewer than 25 unweighted cases","","TR","Unakoti"
"65. Prevalence of symptoms of acute respiratory infection (ARI) in the 2 weeks preceding the survey (%)",1.6,NA,"","","TR","Unakoti"
"66. Children with fever or symptoms of ARI in the 2 weeks preceding the survey taken to a health facility or health provider (%)",60.5,NA,"","","TR","Unakoti"
"67. Children under age 3 years breastfed within one hour of birth15 (%)",21.7,NA,"","","TR","Unakoti"
"68. Children under age 6 months exclusively breastfed16 (%)",NA,NA,"Percentage not shown; based on fewer than 25 unweighted cases","","TR","Unakoti"
"69. Children age 6-8 months receiving solid or semi-solid food and breastmilk16 (%)",NA,NA,"Percentage not shown; based on fewer than 25 unweighted cases","","TR","Unakoti"
"70. Breastfeeding children age 6-23 months receiving an adequate diet16, 17  (%)",8.8,NA,"","","TR","Unakoti"
"71. Non-breastfeeding children age 6-23 months receiving an adequate diet16, 17 (%)",NA,NA,"Percentage not shown; based on fewer than 25 unweighted cases","","TR","Unakoti"
"72. Total children age 6-23 months receiving an adequate diet16, 17  (%)",9.4,NA,"","","TR","Unakoti"
"73. Children under 5 years who are stunted (height-for-age)18 (%)",31.8,NA,"","","TR","Unakoti"
"74. Children under 5 years who are wasted (weight-for-height)18 (%)",19.3,NA,"","","TR","Unakoti"
"75. Children under 5 years who are severely wasted (weight-for-height)19 (%)",4,NA,"","","TR","Unakoti"
"76. Children under 5 years who are underweight (weight-for-age)18 (%)",32,NA,"","","TR","Unakoti"
"77. Children under 5 years who are overweight (weight-for-height)20 (%)",1.9,NA,"","","TR","Unakoti"
"78. Women whose Body Mass Index (BMI) is below normal (BMI <18.5 kg/m2)21 (%)",26,NA,"","","TR","Unakoti"
"79. Women who are overweight or obese (BMI ≥25.0 kg/m2)21 (%)",16.6,NA,"","","TR","Unakoti"
"80. Women who have high risk waist-to-hip ratio (≥0.85) (%)",53.8,NA,"","","TR","Unakoti"
"81. Children age 6-59 months who are anaemic (<11.0 g/dl)22 (%)",62.8,NA,"","","TR","Unakoti"
"82. Non-pregnant women age 15-49 years who are anaemic (<12.0 g/dl)22 (%)",67.4,NA,"","","TR","Unakoti"
"83. Pregnant women age 15-49 years who are anaemic (<11.0 g/dl)22 (%)",76.7,NA,"Based on 25-49 unweighted cases","","TR","Unakoti"
"84. All women age 15-49 years who are anaemic22 (%)",67.9,NA,"","","TR","Unakoti"
"85. All women age 15-19 years who are anaemic22 (%)",72.9,NA,"","","TR","Unakoti"
"86. Blood sugar level - high (141-160 mg/dl)23 (%)",8.6,NA,"","","TR","Unakoti"
"87. Blood sugar level - very high (>160 mg/dl)23 (%)",8,NA,"","","TR","Unakoti"
"88. Blood sugar level - high or very high (>140 mg/dl) or taking medicine to control blood sugar level23 (%)",16.9,NA,"","","TR","Unakoti"
"89. Blood sugar level - high (141-160 mg/dl)23 (%)",11,NA,"","","TR","Unakoti"
"90. Blood sugar level - very high (>160 mg/dl)23 (%)",8.5,NA,"","","TR","Unakoti"
"91. Blood sugar level - high or very high (>140 mg/dl) or taking medicine to control blood sugar level23 (%)",19.9,NA,"","","TR","Unakoti"
"92. Mildly elevated blood pressure (Systolic 140-159 mm of Hg and/or Diastolic 90-99 mm of Hg) (%)",10.9,NA,"","","TR","Unakoti"
"93. Moderately or severely elevated blood pressure (Systolic ≥160mm of Hg and/or Diastolic ≥100mm of Hg) (%)",5.2,NA,"","","TR","Unakoti"
"94. Elevated blood pressure (Systolic ≥140 mm of Hg and/or Diastolic ≥90 mm of Hg) or taking medicine to control blood pressure (%)",21,NA,"","","TR","Unakoti"
"95. Mildly elevated blood pressure (Systolic 140-159 mm of Hg and/or Diastolic 90-99 mm of Hg) (%)",12.8,NA,"","","TR","Unakoti"
"96. Moderately or severely elevated blood pressure (Systolic ≥160mm of Hg and/or Diastolic ≥100mm of Hg) (%)",5.3,NA,"","","TR","Unakoti"
"97. Elevated blood pressure (Systolic ≥140 mm of Hg and/or Diastolic ≥90 mm of Hg) or taking medicine to control blood pressure (%)",22.1,NA,"","","TR","Unakoti"
"98. Ever undergone a screening test for cervical cancer (%)",0.4,NA,"","","TR","Unakoti"
"99. Ever undergone a breast examination for breast cancer (%)",0,NA,"","","TR","Unakoti"
"100. Ever undergone an oral cavity examination for oral cancer (%)",0,NA,"","","TR","Unakoti"
"101. Women age 15 years and above who use any kind of tobacco (%)",54.9,NA,"","","TR","Unakoti"
"102. Men age 15 years and above who use any kind of tobacco (%)",59.7,NA,"","","TR","Unakoti"
"103. Women age 15 years and above who consume alcohol (%)",3.4,NA,"","","TR","Unakoti"
"104. Men age 15 years and above who consume alcohol (%)",23.3,NA,"","","TR","Unakoti"
"1. Female population age 6 years and above who ever attended school (%)",85.3,NA,"","","TR","West Tripura"
"2. Population below age 15 years (%)",20.2,NA,"","","TR","West Tripura"
"3. Sex ratio of the total population (females per 1,000 males)",937,NA,"","","TR","West Tripura"
"4. Sex ratio at birth for children born in the last five years (females per 1,000 males)",1048,NA,"","","TR","West Tripura"
"5. Children under age 5 years whose birth was registered with the civil authority (%)",94.9,NA,"","","TR","West Tripura"
"6. Deaths in the last 3 years registered with the civil authority (%)",88.1,NA,"","","TR","West Tripura"
"7. Population living in households with electricity (%)",99.8,NA,"","","TR","West Tripura"
"8. Population living in households with an improved drinking-water source1 (%)",98.5,NA,"","","TR","West Tripura"
"9. Population living in households that use an improved sanitation facility2 (%)",80.2,NA,"","","TR","West Tripura"
"10. Households using clean fuel for cooking3 (%)",65.2,NA,"","","TR","West Tripura"
"11. Households using iodized salt (%)",99.8,NA,"","","TR","West Tripura"
"12. Households with any usual member covered under a health insurance/financing scheme (%)",28.1,NA,"","","TR","West Tripura"
"13. Children age 5 years who attended pre-primary school during the school year 2019-20 (%)",32.3,NA,"Based on 25-49 unweighted cases","","TR","West Tripura"
"14. Women who are literate4 (%)",86.2,NA,"","","TR","West Tripura"
"15. Women with 10 or more years of schooling (%)",30.9,NA,"","","TR","West Tripura"
"16. Women age 20-24 years married before age 18 years (%)",37.1,NA,"","","TR","West Tripura"
"17. Births in the 5 years preceding the survey that are third or higher order (%)",0,NA,"","","TR","West Tripura"
"18. Women age 15-19 years who were already mothers or pregnant at the time of the survey (%)",20.2,NA,"","","TR","West Tripura"
"19. Women age 15-24 years who use hygienic methods of protection during their menstrual period5 (%)",81.5,NA,"","","TR","West Tripura"
"20. Any method6 (%)",80.1,NA,"","","TR","West Tripura"
"21. Any modern method6 (%)",53.9,NA,"","","TR","West Tripura"
"22. Female sterilization (%)",15.6,NA,"","","TR","West Tripura"
"23. Male sterilization (%)",0,NA,"","","TR","West Tripura"
"24. IUD/PPIUD (%)",0.2,NA,"","","TR","West Tripura"
"25. Pill (%)",32.5,NA,"","","TR","West Tripura"
"26. Condom (%)",4.6,NA,"","","TR","West Tripura"
"27. Injectables (%)",0.2,NA,"","","TR","West Tripura"
"28. Total unmet need7 (%)",2.5,NA,"","","TR","West Tripura"
"29. Unmet need for spacing7 (%)",0.9,NA,"","","TR","West Tripura"
"30. Health worker ever talked to female non-users about family planning (%)",9.4,NA,"","","TR","West Tripura"
"31. Current users ever told about side effects of current method8 (%)",42.1,NA,"","","TR","West Tripura"
"32. Mothers who had an antenatal check-up in the first trimester (%)",78.7,NA,"","","TR","West Tripura"
"33. Mothers who had at least 4 antenatal care visits (%)",61.2,NA,"","","TR","West Tripura"
"34. Mothers whose last birth was protected against neonatal tetanus9 (%)",99.3,NA,"","","TR","West Tripura"
"35. Mothers who consumed iron folic acid for 100 days or more when they were pregnant (%)",31.8,NA,"","","TR","West Tripura"
"36. Mothers who consumed iron folic acid for 180 days or more when they were pregnant (%)",7.1,NA,"","","TR","West Tripura"
"37. Registered pregnancies for which the mother received a Mother and Child Protection (MCP) card (%)",98.1,NA,"","","TR","West Tripura"
"38. Mothers who received postnatal care from a doctor/nurse/LHV/ANM/midwife/other health personnel within 2 days of delivery (%)",87.7,NA,"","","TR","West Tripura"
"39. Average out-of-pocket expenditure per delivery in a public health facility (Rs.)",5556,NA,"","","TR","West Tripura"
"40. Children born at home who were taken to a health facility for a check-up within 24 hours of birth (%)",NA,NA,"Percentage not shown; based on fewer than 25 unweighted cases","","TR","West Tripura"
"41. Children who received postnatal care from a doctor/nurse/LHV/ANM/midwife/other health personnel within 2 days of delivery (%)",88.7,NA,"","","TR","West Tripura"
"42. Institutional births (%)",95.3,NA,"","","TR","West Tripura"
"43. Institutional births in public facility (%)",79.8,NA,"","","TR","West Tripura"
"44. Home births that were conducted by skilled health personnel10 (%)",1.6,NA,"","","TR","West Tripura"
"45. Births attended by skilled health personnel10 (%)",96.9,NA,"","","TR","West Tripura"
"46. Births delivered by caesarean section (%)",47.7,NA,"","","TR","West Tripura"
"47. Births in a private health facility that were delivered by caesarean section (%)",94.2,NA,"Based on 25-49 unweighted cases","","TR","West Tripura"
"48. Births in a public health facility that were delivered by caesarean section (%)",41.4,NA,"","","TR","West Tripura"
"49. Children age 12-23 months fully vaccinated based on information from either vaccination card or mother's recall11 (%)",88.4,NA,"Based on 25-49 unweighted cases","","TR","West Tripura"
"50. Children age 12-23 months fully vaccinated based on information from vaccination card only12 (%)",93.7,NA,"Based on 25-49 unweighted cases","","TR","West Tripura"
"51. Children age 12-23 months who have received BCG (%)",100,NA,"Based on 25-49 unweighted cases","","TR","West Tripura"
"52. Children age 12-23 months who have received 3 doses of polio vaccine13 (%)",88.4,NA,"Based on 25-49 unweighted cases","","TR","West Tripura"
"53. Children age 12-23 months who have received 3 doses of penta or DPT vaccine (%)",94.1,NA,"Based on 25-49 unweighted cases","","TR","West Tripura"
"54. Children age 12-23 months who have received the first dose of measles-containing vaccine (MCV) (%)",94.1,NA,"Based on 25-49 unweighted cases","","TR","West Tripura"
"55. Children age 24-35 months who have received a second dose of measles-containing vaccine (MCV) (%)",33.6,NA,"Based on 25-49 unweighted cases","","TR","West Tripura"
"56. Children age 12-23 months who have received 3 doses of rotavirus vaccine14 (%)",74.7,NA,"Based on 25-49 unweighted cases","","TR","West Tripura"
"57. Children age 12-23 months who have received 3 doses of penta or hepatitis B vaccine (%)",91.7,NA,"Based on 25-49 unweighted cases","","TR","West Tripura"
"58. Children age 9-35 months who received a vitamin A dose in the last 6 months (%)",73,NA,"","","TR","West Tripura"
"59. Children age 12-23 months who received most of their vaccinations in a public health facility (%)",93.6,NA,"Based on 25-49 unweighted cases","","TR","West Tripura"
"60. Children age 12-23 months who received most of their vaccinations in a private health facility (%)",6.4,NA,"Based on 25-49 unweighted cases","","TR","West Tripura"
"61. Prevalence of diarrhoea in the 2 weeks preceding the survey (%)",2.4,NA,"","","TR","West Tripura"
"62. Children with diarrhoea in the 2 weeks preceding the survey who received oral rehydration salts (ORS) (%)",NA,NA,"Percentage not shown; based on fewer than 25 unweighted cases","","TR","West Tripura"
"63. Children with diarrhoea in the 2 weeks preceding the survey who received zinc (%)",NA,NA,"Percentage not shown; based on fewer than 25 unweighted cases","","TR","West Tripura"
"64. Children with diarrhoea in the 2 weeks preceding the survey taken to a health facility or health provider (%)",NA,NA,"Percentage not shown; based on fewer than 25 unweighted cases","","TR","West Tripura"
"65. Prevalence of symptoms of acute respiratory infection (ARI) in the 2 weeks preceding the survey (%)",0.5,NA,"","","TR","West Tripura"
"66. Children with fever or symptoms of ARI in the 2 weeks preceding the survey taken to a health facility or health provider (%)",NA,NA,"Percentage not shown; based on fewer than 25 unweighted cases","","TR","West Tripura"
"67. Children under age 3 years breastfed within one hour of birth15 (%)",38,NA,"","","TR","West Tripura"
"68. Children under age 6 months exclusively breastfed16 (%)",NA,NA,"Percentage not shown; based on fewer than 25 unweighted cases","","TR","West Tripura"
"69. Children age 6-8 months receiving solid or semi-solid food and breastmilk16 (%)",NA,NA,"Percentage not shown; based on fewer than 25 unweighted cases","","TR","West Tripura"
"70. Breastfeeding children age 6-23 months receiving an adequate diet16, 17  (%)",17.3,NA,"Based on 25-49 unweighted cases","","TR","West Tripura"
"71. Non-breastfeeding children age 6-23 months receiving an adequate diet16, 17 (%)",NA,NA,"Percentage not shown; based on fewer than 25 unweighted cases","","TR","West Tripura"
"72. Total children age 6-23 months receiving an adequate diet16, 17  (%)",18.6,NA,"","","TR","West Tripura"
"73. Children under 5 years who are stunted (height-for-age)18 (%)",30.3,NA,"","","TR","West Tripura"
"74. Children under 5 years who are wasted (weight-for-height)18 (%)",11.7,NA,"","","TR","West Tripura"
"75. Children under 5 years who are severely wasted (weight-for-height)19 (%)",2.1,NA,"","","TR","West Tripura"
"76. Children under 5 years who are underweight (weight-for-age)18 (%)",21.2,NA,"","","TR","West Tripura"
"77. Children under 5 years who are overweight (weight-for-height)20 (%)",8.7,NA,"","","TR","West Tripura"
"78. Women whose Body Mass Index (BMI) is below normal (BMI <18.5 kg/m2)21 (%)",13.7,NA,"","","TR","West Tripura"
"79. Women who are overweight or obese (BMI ≥25.0 kg/m2)21 (%)",26.8,NA,"","","TR","West Tripura"
"80. Women who have high risk waist-to-hip ratio (≥0.85) (%)",61.6,NA,"","","TR","West Tripura"
"81. Children age 6-59 months who are anaemic (<11.0 g/dl)22 (%)",54.5,NA,"","","TR","West Tripura"
"82. Non-pregnant women age 15-49 years who are anaemic (<12.0 g/dl)22 (%)",67.6,NA,"","","TR","West Tripura"
"83. Pregnant women age 15-49 years who are anaemic (<11.0 g/dl)22 (%)",56.2,NA,"Based on 25-49 unweighted cases","","TR","West Tripura"
"84. All women age 15-49 years who are anaemic22 (%)",67.3,NA,"","","TR","West Tripura"
"85. All women age 15-19 years who are anaemic22 (%)",64.9,NA,"","","TR","West Tripura"
"86. Blood sugar level - high (141-160 mg/dl)23 (%)",8.4,NA,"","","TR","West Tripura"
"87. Blood sugar level - very high (>160 mg/dl)23 (%)",9.3,NA,"","","TR","West Tripura"
"88. Blood sugar level - high or very high (>140 mg/dl) or taking medicine to control blood sugar level23 (%)",18.7,NA,"","","TR","West Tripura"
"89. Blood sugar level - high (141-160 mg/dl)23 (%)",7.9,NA,"","","TR","West Tripura"
"90. Blood sugar level - very high (>160 mg/dl)23 (%)",8.9,NA,"","","TR","West Tripura"
"91. Blood sugar level - high or very high (>140 mg/dl) or taking medicine to control blood sugar level23 (%)",18.1,NA,"","","TR","West Tripura"
"92. Mildly elevated blood pressure (Systolic 140-159 mm of Hg and/or Diastolic 90-99 mm of Hg) (%)",12.7,NA,"","","TR","West Tripura"
"93. Moderately or severely elevated blood pressure (Systolic ≥160mm of Hg and/or Diastolic ≥100mm of Hg) (%)",6.6,NA,"","","TR","West Tripura"
"94. Elevated blood pressure (Systolic ≥140 mm of Hg and/or Diastolic ≥90 mm of Hg) or taking medicine to control blood pressure (%)",25.1,NA,"","","TR","West Tripura"
"95. Mildly elevated blood pressure (Systolic 140-159 mm of Hg and/or Diastolic 90-99 mm of Hg) (%)",15.4,NA,"","","TR","West Tripura"
"96. Moderately or severely elevated blood pressure (Systolic ≥160mm of Hg and/or Diastolic ≥100mm of Hg) (%)",7.2,NA,"","","TR","West Tripura"
"97. Elevated blood pressure (Systolic ≥140 mm of Hg and/or Diastolic ≥90 mm of Hg) or taking medicine to control blood pressure (%)",27.1,NA,"","","TR","West Tripura"
"98. Ever undergone a screening test for cervical cancer (%)",0.6,NA,"","","TR","West Tripura"
"99. Ever undergone a breast examination for breast cancer (%)",0.6,NA,"","","TR","West Tripura"
"100. Ever undergone an oral cavity examination for oral cancer (%)",0.4,NA,"","","TR","West Tripura"
"101. Women age 15 years and above who use any kind of tobacco (%)",47.7,NA,"","","TR","West Tripura"
"102. Men age 15 years and above who use any kind of tobacco (%)",55.2,NA,"","","TR","West Tripura"
"103. Women age 15 years and above who consume alcohol (%)",3.5,NA,"","","TR","West Tripura"
"104. Men age 15 years and above who consume alcohol (%)",33,NA,"","","TR","West Tripura"
