"Indicator","NFHS5","NFHS4","Flag_NFHS5","Flag_NFHS4","state","district"
"1. Female population age 6 years and above who ever attended school (%)",90.9,NA,"","","ML","East Garo Hills"
"2. Population below age 15 years (%)",31.1,NA,"","","ML","East Garo Hills"
"3. Sex ratio of the total population (females per 1,000 males)",1026,NA,"","","ML","East Garo Hills"
"4. Sex ratio at birth for children born in the last five years (females per 1,000 males)",1427,NA,"","","ML","East Garo Hills"
"5. Children under age 5 years whose birth was registered with the civil authority (%)",81.4,NA,"","","ML","East Garo Hills"
"6. Deaths in the last 3 years registered with the civil authority (%)",45.9,NA,"","","ML","East Garo Hills"
"7. Population living in households with electricity (%)",97.4,NA,"","","ML","East Garo Hills"
"8. Population living in households with an improved drinking-water source1 (%)",67,NA,"","","ML","East Garo Hills"
"9. Population living in households that use an improved sanitation facility2 (%)",83.9,NA,"","","ML","East Garo Hills"
"10. Households using clean fuel for cooking3 (%)",29.1,NA,"","","ML","East Garo Hills"
"11. Households using iodized salt (%)",69,NA,"","","ML","East Garo Hills"
"12. Households with any usual member covered under a health insurance/financing scheme (%)",71.9,NA,"","","ML","East Garo Hills"
"13. Children age 5 years who attended pre-primary school during the school year 2019-20 (%)",3.2,NA,"","","ML","East Garo Hills"
"14. Women who are literate4 (%)",86.7,NA,"","","ML","East Garo Hills"
"15. Women with 10 or more years of schooling (%)",40.5,NA,"","","ML","East Garo Hills"
"16. Women age 20-24 years married before age 18 years (%)",13.7,NA,"","","ML","East Garo Hills"
"17. Births in the 5 years preceding the survey that are third or higher order (%)",1.9,NA,"","","ML","East Garo Hills"
"18. Women age 15-19 years who were already mothers or pregnant at the time of the survey (%)",2.2,NA,"","","ML","East Garo Hills"
"19. Women age 15-24 years who use hygienic methods of protection during their menstrual period5 (%)",75.7,NA,"","","ML","East Garo Hills"
"20. Any method6 (%)",37,NA,"","","ML","East Garo Hills"
"21. Any modern method6 (%)",35.8,NA,"","","ML","East Garo Hills"
"22. Female sterilization (%)",4.4,NA,"","","ML","East Garo Hills"
"23. Male sterilization (%)",0,NA,"","","ML","East Garo Hills"
"24. IUD/PPIUD (%)",4.7,NA,"","","ML","East Garo Hills"
"25. Pill (%)",18.5,NA,"","","ML","East Garo Hills"
"26. Condom (%)",4.9,NA,"","","ML","East Garo Hills"
"27. Injectables (%)",2.2,NA,"","","ML","East Garo Hills"
"28. Total unmet need7 (%)",21,NA,"","","ML","East Garo Hills"
"29. Unmet need for spacing7 (%)",12.4,NA,"","","ML","East Garo Hills"
"30. Health worker ever talked to female non-users about family planning (%)",22.1,NA,"","","ML","East Garo Hills"
"31. Current users ever told about side effects of current method8 (%)",79.2,NA,"","","ML","East Garo Hills"
"32. Mothers who had an antenatal check-up in the first trimester (%)",59.2,NA,"","","ML","East Garo Hills"
"33. Mothers who had at least 4 antenatal care visits (%)",25.5,NA,"","","ML","East Garo Hills"
"34. Mothers whose last birth was protected against neonatal tetanus9 (%)",74.5,NA,"","","ML","East Garo Hills"
"35. Mothers who consumed iron folic acid for 100 days or more when they were pregnant (%)",28.8,NA,"","","ML","East Garo Hills"
"36. Mothers who consumed iron folic acid for 180 days or more when they were pregnant (%)",7,NA,"","","ML","East Garo Hills"
"37. Registered pregnancies for which the mother received a Mother and Child Protection (MCP) card (%)",92.1,NA,"","","ML","East Garo Hills"
"38. Mothers who received postnatal care from a doctor/nurse/LHV/ANM/midwife/other health personnel within 2 days of delivery (%)",59.9,NA,"","","ML","East Garo Hills"
"39. Average out-of-pocket expenditure per delivery in a public health facility (Rs.)",2473,NA,"","","ML","East Garo Hills"
"40. Children born at home who were taken to a health facility for a check-up within 24 hours of birth (%)",0,NA,"","","ML","East Garo Hills"
"41. Children who received postnatal care from a doctor/nurse/LHV/ANM/midwife/other health personnel within 2 days of delivery (%)",57.5,NA,"","","ML","East Garo Hills"
"42. Institutional births (%)",73.8,NA,"","","ML","East Garo Hills"
"43. Institutional births in public facility (%)",73.5,NA,"","","ML","East Garo Hills"
"44. Home births that were conducted by skilled health personnel10 (%)",7.5,NA,"","","ML","East Garo Hills"
"45. Births attended by skilled health personnel10 (%)",80.8,NA,"","","ML","East Garo Hills"
"46. Births delivered by caesarean section (%)",4,NA,"","","ML","East Garo Hills"
"47. Births in a private health facility that were delivered by caesarean section (%)",NA,NA,"Percentage not shown; based on fewer than 25 unweighted cases","","ML","East Garo Hills"
"48. Births in a public health facility that were delivered by caesarean section (%)",5,NA,"","","ML","East Garo Hills"
"49. Children age 12-23 months fully vaccinated based on information from either vaccination card or mother's recall11 (%)",72.4,NA,"","","ML","East Garo Hills"
"50. Children age 12-23 months fully vaccinated based on information from vaccination card only12 (%)",94.5,NA,"Based on 25-49 unweighted cases","","ML","East Garo Hills"
"51. Children age 12-23 months who have received BCG (%)",81.5,NA,"","","ML","East Garo Hills"
"52. Children age 12-23 months who have received 3 doses of polio vaccine13 (%)",76.6,NA,"","","ML","East Garo Hills"
"53. Children age 12-23 months who have received 3 doses of penta or DPT vaccine (%)",83.3,NA,"","","ML","East Garo Hills"
"54. Children age 12-23 months who have received the first dose of measles-containing vaccine (MCV) (%)",83.3,NA,"","","ML","East Garo Hills"
"55. Children age 24-35 months who have received a second dose of measles-containing vaccine (MCV) (%)",19.3,NA,"","","ML","East Garo Hills"
"56. Children age 12-23 months who have received 3 doses of rotavirus vaccine14 (%)",12.5,NA,"","","ML","East Garo Hills"
"57. Children age 12-23 months who have received 3 doses of penta or hepatitis B vaccine (%)",74.8,NA,"","","ML","East Garo Hills"
"58. Children age 9-59 months who received a vitamin A dose in the last 6 months (%)",56.6,NA,"","","ML","East Garo Hills"
"59. Children age 12-23 months who received most of their vaccinations in a public health facility (%)",93.8,NA,"Based on 25-49 unweighted cases","","ML","East Garo Hills"
"60. Children age 12-23 months who received most of their vaccinations in a private health facility (%)",0,NA,"Based on 25-49 unweighted cases","","ML","East Garo Hills"
"61. Prevalence of diarrhoea in the 2 weeks preceding the survey (%)",9.2,NA,"","","ML","East Garo Hills"
"62. Children with diarrhoea in the 2 weeks preceding the survey who received oral rehydration salts (ORS) (%)",79.1,NA,"Based on 25-49 unweighted cases","","ML","East Garo Hills"
"63. Children with diarrhoea in the 2 weeks preceding the survey who received zinc (%)",63.3,NA,"Based on 25-49 unweighted cases","","ML","East Garo Hills"
"64. Children with diarrhoea in the 2 weeks preceding the survey taken to a health facility or health provider (%)",83.3,NA,"Based on 25-49 unweighted cases","","ML","East Garo Hills"
"65. Prevalence of symptoms of acute respiratory infection (ARI) in the 2 weeks preceding the survey (%)",1.6,NA,"","","ML","East Garo Hills"
"66. Children with fever or symptoms of ARI in the 2 weeks preceding the survey taken to a health facility or health provider (%)",64.1,NA,"","","ML","East Garo Hills"
"67. Children under age 3 years breastfed within one hour of birth15 (%)",48,NA,"","","ML","East Garo Hills"
"68. Children under age 6 months exclusively breastfed16 (%)",NA,NA,"Percentage not shown; based on fewer than 25 unweighted cases","","ML","East Garo Hills"
"69. Children age 6-8 months receiving solid or semi-solid food and breastmilk16 (%)",NA,NA,"Percentage not shown; based on fewer than 25 unweighted cases","","ML","East Garo Hills"
"70. Breastfeeding children age 6-23 months receiving an adequate diet16, 17  (%)",41.3,NA,"","","ML","East Garo Hills"
"71. Non-breastfeeding children age 6-23 months receiving an adequate diet16, 17 (%)",NA,NA,"Percentage not shown; based on fewer than 25 unweighted cases","","ML","East Garo Hills"
"72. Total children age 6-23 months receiving an adequate diet16, 17  (%)",43.9,NA,"","","ML","East Garo Hills"
"73. Children under 5 years who are stunted (height-for-age)18 (%)",39.7,NA,"","","ML","East Garo Hills"
"74. Children under 5 years who are wasted (weight-for-height)18 (%)",20.1,NA,"","","ML","East Garo Hills"
"75. Children under 5 years who are severely wasted (weight-for-height)19 (%)",6.2,NA,"","","ML","East Garo Hills"
"76. Children under 5 years who are underweight (weight-for-age)18 (%)",26.5,NA,"","","ML","East Garo Hills"
"77. Children under 5 years who are overweight (weight-for-height)20 (%)",4.1,NA,"","","ML","East Garo Hills"
"78. Women whose Body Mass Index (BMI) is below normal (BMI <18.5 kg/m2)21 (%)",8.5,NA,"","","ML","East Garo Hills"
"79. Women who are overweight or obese (BMI ≥25.0 kg/m2)21 (%)",7,NA,"","","ML","East Garo Hills"
"80. Women who have high risk waist-to-hip ratio (≥0.85) (%)",63.7,NA,"","","ML","East Garo Hills"
"81. Children age 6-59 months who are anaemic (<11.0 g/dl)22 (%)",28,NA,"","","ML","East Garo Hills"
"82. Non-pregnant women age 15-49 years who are anaemic (<12.0 g/dl)22 (%)",52.1,NA,"","","ML","East Garo Hills"
"83. Pregnant women age 15-49 years who are anaemic (<11.0 g/dl)22 (%)",29.1,NA,"","","ML","East Garo Hills"
"84. All women age 15-49 years who are anaemic22 (%)",50.9,NA,"","","ML","East Garo Hills"
"85. All women age 15-19 years who are anaemic22 (%)",55.7,NA,"","","ML","East Garo Hills"
"86. Blood sugar level - high (141-160 mg/dl)23 (%)",6.3,NA,"","","ML","East Garo Hills"
"87. Blood sugar level - very high (>160 mg/dl)23 (%)",2,NA,"","","ML","East Garo Hills"
"88. Blood sugar level - high or very high (>140 mg/dl) or taking medicine to control blood sugar level23 (%)",9.3,NA,"","","ML","East Garo Hills"
"89. Blood sugar level - high (141-160 mg/dl)23 (%)",12,NA,"","","ML","East Garo Hills"
"90. Blood sugar level - very high (>160 mg/dl)23 (%)",3.6,NA,"","","ML","East Garo Hills"
"91. Blood sugar level - high or very high (>140 mg/dl) or taking medicine to control blood sugar level23 (%)",16.2,NA,"","","ML","East Garo Hills"
"92. Mildly elevated blood pressure (Systolic 140-159 mm of Hg and/or Diastolic 90-99 mm of Hg) (%)",8.5,NA,"","","ML","East Garo Hills"
"93. Moderately or severely elevated blood pressure (Systolic ≥160mm of Hg and/or Diastolic ≥100mm of Hg) (%)",2.9,NA,"","","ML","East Garo Hills"
"94. Elevated blood pressure (Systolic ≥140 mm of Hg and/or Diastolic ≥90 mm of Hg) or taking medicine to control blood pressure (%)",15.3,NA,"","","ML","East Garo Hills"
"95. Mildly elevated blood pressure (Systolic 140-159 mm of Hg and/or Diastolic 90-99 mm of Hg) (%)",16.4,NA,"","","ML","East Garo Hills"
"96. Moderately or severely elevated blood pressure (Systolic ≥160mm of Hg and/or Diastolic ≥100mm of Hg) (%)",4.4,NA,"","","ML","East Garo Hills"
"97. Elevated blood pressure (Systolic ≥140 mm of Hg and/or Diastolic ≥90 mm of Hg) or taking medicine to control blood pressure (%)",23.2,NA,"","","ML","East Garo Hills"
"98. Ever undergone a screening test for cervical cancer (%)",0.2,NA,"","","ML","East Garo Hills"
"99. Ever undergone a breast examination for breast cancer (%)",0.2,NA,"","","ML","East Garo Hills"
"100. Ever undergone an oral cavity examination for oral cancer (%)",1.1,NA,"","","ML","East Garo Hills"
"101. Women age 15 years and above who use any kind of tobacco (%)",6.3,NA,"","","ML","East Garo Hills"
"102. Men age 15 years and above who use any kind of tobacco (%)",54,NA,"","","ML","East Garo Hills"
"103. Women age 15 years and above who consume alcohol (%)",0.9,NA,"","","ML","East Garo Hills"
"104. Men age 15 years and above who consume alcohol (%)",36.8,NA,"","","ML","East Garo Hills"
"1. Female population age 6 years and above who ever attended school (%)",76,NA,"","","ML","East Jaintia Hills"
"2. Population below age 15 years (%)",46.1,NA,"","","ML","East Jaintia Hills"
"3. Sex ratio of the total population (females per 1,000 males)",1066,NA,"","","ML","East Jaintia Hills"
"4. Sex ratio at birth for children born in the last five years (females per 1,000 males)",1015,NA,"","","ML","East Jaintia Hills"
"5. Children under age 5 years whose birth was registered with the civil authority (%)",83,NA,"","","ML","East Jaintia Hills"
"6. Deaths in the last 3 years registered with the civil authority (%)",43.5,NA,"","","ML","East Jaintia Hills"
"7. Population living in households with electricity (%)",85.1,NA,"","","ML","East Jaintia Hills"
"8. Population living in households with an improved drinking-water source1 (%)",74.6,NA,"","","ML","East Jaintia Hills"
"9. Population living in households that use an improved sanitation facility2 (%)",83.6,NA,"","","ML","East Jaintia Hills"
"10. Households using clean fuel for cooking3 (%)",26.5,NA,"","","ML","East Jaintia Hills"
"11. Households using iodized salt (%)",97.2,NA,"","","ML","East Jaintia Hills"
"12. Households with any usual member covered under a health insurance/financing scheme (%)",74.1,NA,"","","ML","East Jaintia Hills"
"13. Children age 5 years who attended pre-primary school during the school year 2019-20 (%)",45.6,NA,"","","ML","East Jaintia Hills"
"14. Women who are literate4 (%)",76,NA,"","","ML","East Jaintia Hills"
"15. Women with 10 or more years of schooling (%)",23,NA,"","","ML","East Jaintia Hills"
"16. Women age 20-24 years married before age 18 years (%)",25.3,NA,"","","ML","East Jaintia Hills"
"17. Births in the 5 years preceding the survey that are third or higher order (%)",6.3,NA,"","","ML","East Jaintia Hills"
"18. Women age 15-19 years who were already mothers or pregnant at the time of the survey (%)",14.4,NA,"","","ML","East Jaintia Hills"
"19. Women age 15-24 years who use hygienic methods of protection during their menstrual period5 (%)",47.9,NA,"","","ML","East Jaintia Hills"
"20. Any method6 (%)",33.6,NA,"","","ML","East Jaintia Hills"
"21. Any modern method6 (%)",24,NA,"","","ML","East Jaintia Hills"
"22. Female sterilization (%)",9.2,NA,"","","ML","East Jaintia Hills"
"23. Male sterilization (%)",0,NA,"","","ML","East Jaintia Hills"
"24. IUD/PPIUD (%)",1.9,NA,"","","ML","East Jaintia Hills"
"25. Pill (%)",7.6,NA,"","","ML","East Jaintia Hills"
"26. Condom (%)",2,NA,"","","ML","East Jaintia Hills"
"27. Injectables (%)",3.4,NA,"","","ML","East Jaintia Hills"
"28. Total unmet need7 (%)",26,NA,"","","ML","East Jaintia Hills"
"29. Unmet need for spacing7 (%)",20.1,NA,"","","ML","East Jaintia Hills"
"30. Health worker ever talked to female non-users about family planning (%)",44.1,NA,"","","ML","East Jaintia Hills"
"31. Current users ever told about side effects of current method8 (%)",81.1,NA,"","","ML","East Jaintia Hills"
"32. Mothers who had an antenatal check-up in the first trimester (%)",55.5,NA,"","","ML","East Jaintia Hills"
"33. Mothers who had at least 4 antenatal care visits (%)",58.6,NA,"","","ML","East Jaintia Hills"
"34. Mothers whose last birth was protected against neonatal tetanus9 (%)",87.7,NA,"","","ML","East Jaintia Hills"
"35. Mothers who consumed iron folic acid for 100 days or more when they were pregnant (%)",51.9,NA,"","","ML","East Jaintia Hills"
"36. Mothers who consumed iron folic acid for 180 days or more when they were pregnant (%)",25.7,NA,"","","ML","East Jaintia Hills"
"37. Registered pregnancies for which the mother received a Mother and Child Protection (MCP) card (%)",94.6,NA,"","","ML","East Jaintia Hills"
"38. Mothers who received postnatal care from a doctor/nurse/LHV/ANM/midwife/other health personnel within 2 days of delivery (%)",49.1,NA,"","","ML","East Jaintia Hills"
"39. Average out-of-pocket expenditure per delivery in a public health facility (Rs.)",3464,NA,"","","ML","East Jaintia Hills"
"40. Children born at home who were taken to a health facility for a check-up within 24 hours of birth (%)",0.4,NA,"","","ML","East Jaintia Hills"
"41. Children who received postnatal care from a doctor/nurse/LHV/ANM/midwife/other health personnel within 2 days of delivery (%)",45,NA,"","","ML","East Jaintia Hills"
"42. Institutional births (%)",48.4,NA,"","","ML","East Jaintia Hills"
"43. Institutional births in public facility (%)",36.3,NA,"","","ML","East Jaintia Hills"
"44. Home births that were conducted by skilled health personnel10 (%)",6.8,NA,"","","ML","East Jaintia Hills"
"45. Births attended by skilled health personnel10 (%)",55.7,NA,"","","ML","East Jaintia Hills"
"46. Births delivered by caesarean section (%)",8,NA,"","","ML","East Jaintia Hills"
"47. Births in a private health facility that were delivered by caesarean section (%)",40.3,NA,"","","ML","East Jaintia Hills"
"48. Births in a public health facility that were delivered by caesarean section (%)",8.6,NA,"","","ML","East Jaintia Hills"
"49. Children age 12-23 months fully vaccinated based on information from either vaccination card or mother's recall11 (%)",74.4,NA,"","","ML","East Jaintia Hills"
"50. Children age 12-23 months fully vaccinated based on information from vaccination card only12 (%)",82.4,NA,"","","ML","East Jaintia Hills"
"51. Children age 12-23 months who have received BCG (%)",92.6,NA,"","","ML","East Jaintia Hills"
"52. Children age 12-23 months who have received 3 doses of polio vaccine13 (%)",80.8,NA,"","","ML","East Jaintia Hills"
"53. Children age 12-23 months who have received 3 doses of penta or DPT vaccine (%)",84,NA,"","","ML","East Jaintia Hills"
"54. Children age 12-23 months who have received the first dose of measles-containing vaccine (MCV) (%)",83.8,NA,"","","ML","East Jaintia Hills"
"55. Children age 24-35 months who have received a second dose of measles-containing vaccine (MCV) (%)",21.6,NA,"","","ML","East Jaintia Hills"
"56. Children age 12-23 months who have received 3 doses of rotavirus vaccine14 (%)",0.6,NA,"","","ML","East Jaintia Hills"
"57. Children age 12-23 months who have received 3 doses of penta or hepatitis B vaccine (%)",77.8,NA,"","","ML","East Jaintia Hills"
"58. Children age 9-59 months who received a vitamin A dose in the last 6 months (%)",70,NA,"","","ML","East Jaintia Hills"
"59. Children age 12-23 months who received most of their vaccinations in a public health facility (%)",96.9,NA,"","","ML","East Jaintia Hills"
"60. Children age 12-23 months who received most of their vaccinations in a private health facility (%)",1.2,NA,"","","ML","East Jaintia Hills"
"61. Prevalence of diarrhoea in the 2 weeks preceding the survey (%)",10.6,NA,"","","ML","East Jaintia Hills"
"62. Children with diarrhoea in the 2 weeks preceding the survey who received oral rehydration salts (ORS) (%)",72.8,NA,"","","ML","East Jaintia Hills"
"63. Children with diarrhoea in the 2 weeks preceding the survey who received zinc (%)",42.2,NA,"","","ML","East Jaintia Hills"
"64. Children with diarrhoea in the 2 weeks preceding the survey taken to a health facility or health provider (%)",57.5,NA,"","","ML","East Jaintia Hills"
"65. Prevalence of symptoms of acute respiratory infection (ARI) in the 2 weeks preceding the survey (%)",4.8,NA,"","","ML","East Jaintia Hills"
"66. Children with fever or symptoms of ARI in the 2 weeks preceding the survey taken to a health facility or health provider (%)",72,NA,"","","ML","East Jaintia Hills"
"67. Children under age 3 years breastfed within one hour of birth15 (%)",85.3,NA,"","","ML","East Jaintia Hills"
"68. Children under age 6 months exclusively breastfed16 (%)",50.5,NA,"","","ML","East Jaintia Hills"
"69. Children age 6-8 months receiving solid or semi-solid food and breastmilk16 (%)",63.1,NA,"Based on 25-49 unweighted cases","","ML","East Jaintia Hills"
"70. Breastfeeding children age 6-23 months receiving an adequate diet16, 17  (%)",25.4,NA,"","","ML","East Jaintia Hills"
"71. Non-breastfeeding children age 6-23 months receiving an adequate diet16, 17 (%)",25.6,NA,"","","ML","East Jaintia Hills"
"72. Total children age 6-23 months receiving an adequate diet16, 17  (%)",25.5,NA,"","","ML","East Jaintia Hills"
"73. Children under 5 years who are stunted (height-for-age)18 (%)",49.8,NA,"","","ML","East Jaintia Hills"
"74. Children under 5 years who are wasted (weight-for-height)18 (%)",8.5,NA,"","","ML","East Jaintia Hills"
"75. Children under 5 years who are severely wasted (weight-for-height)19 (%)",2.9,NA,"","","ML","East Jaintia Hills"
"76. Children under 5 years who are underweight (weight-for-age)18 (%)",23.6,NA,"","","ML","East Jaintia Hills"
"77. Children under 5 years who are overweight (weight-for-height)20 (%)",3.7,NA,"","","ML","East Jaintia Hills"
"78. Women whose Body Mass Index (BMI) is below normal (BMI <18.5 kg/m2)21 (%)",13.5,NA,"","","ML","East Jaintia Hills"
"79. Women who are overweight or obese (BMI ≥25.0 kg/m2)21 (%)",15.2,NA,"","","ML","East Jaintia Hills"
"80. Women who have high risk waist-to-hip ratio (≥0.85) (%)",62.3,NA,"","","ML","East Jaintia Hills"
"81. Children age 6-59 months who are anaemic (<11.0 g/dl)22 (%)",47.2,NA,"","","ML","East Jaintia Hills"
"82. Non-pregnant women age 15-49 years who are anaemic (<12.0 g/dl)22 (%)",43.7,NA,"","","ML","East Jaintia Hills"
"83. Pregnant women age 15-49 years who are anaemic (<11.0 g/dl)22 (%)",46.5,NA,"","","ML","East Jaintia Hills"
"84. All women age 15-49 years who are anaemic22 (%)",43.9,NA,"","","ML","East Jaintia Hills"
"85. All women age 15-19 years who are anaemic22 (%)",40.6,NA,"","","ML","East Jaintia Hills"
"86. Blood sugar level - high (141-160 mg/dl)23 (%)",3.2,NA,"","","ML","East Jaintia Hills"
"87. Blood sugar level - very high (>160 mg/dl)23 (%)",2.1,NA,"","","ML","East Jaintia Hills"
"88. Blood sugar level - high or very high (>140 mg/dl) or taking medicine to control blood sugar level23 (%)",6.3,NA,"","","ML","East Jaintia Hills"
"89. Blood sugar level - high (141-160 mg/dl)23 (%)",4,NA,"","","ML","East Jaintia Hills"
"90. Blood sugar level - very high (>160 mg/dl)23 (%)",3.3,NA,"","","ML","East Jaintia Hills"
"91. Blood sugar level - high or very high (>140 mg/dl) or taking medicine to control blood sugar level23 (%)",7.7,NA,"","","ML","East Jaintia Hills"
"92. Mildly elevated blood pressure (Systolic 140-159 mm of Hg and/or Diastolic 90-99 mm of Hg) (%)",9.1,NA,"","","ML","East Jaintia Hills"
"93. Moderately or severely elevated blood pressure (Systolic ≥160mm of Hg and/or Diastolic ≥100mm of Hg) (%)",5.9,NA,"","","ML","East Jaintia Hills"
"94. Elevated blood pressure (Systolic ≥140 mm of Hg and/or Diastolic ≥90 mm of Hg) or taking medicine to control blood pressure (%)",18.7,NA,"","","ML","East Jaintia Hills"
"95. Mildly elevated blood pressure (Systolic 140-159 mm of Hg and/or Diastolic 90-99 mm of Hg) (%)",11.1,NA,"","","ML","East Jaintia Hills"
"96. Moderately or severely elevated blood pressure (Systolic ≥160mm of Hg and/or Diastolic ≥100mm of Hg) (%)",4.3,NA,"","","ML","East Jaintia Hills"
"97. Elevated blood pressure (Systolic ≥140 mm of Hg and/or Diastolic ≥90 mm of Hg) or taking medicine to control blood pressure (%)",17.2,NA,"","","ML","East Jaintia Hills"
"98. Ever undergone a screening test for cervical cancer (%)",0.7,NA,"","","ML","East Jaintia Hills"
"99. Ever undergone a breast examination for breast cancer (%)",0,NA,"","","ML","East Jaintia Hills"
"100. Ever undergone an oral cavity examination for oral cancer (%)",0.6,NA,"","","ML","East Jaintia Hills"
"101. Women age 15 years and above who use any kind of tobacco (%)",49.2,NA,"","","ML","East Jaintia Hills"
"102. Men age 15 years and above who use any kind of tobacco (%)",68.5,NA,"","","ML","East Jaintia Hills"
"103. Women age 15 years and above who consume alcohol (%)",3.6,NA,"","","ML","East Jaintia Hills"
"104. Men age 15 years and above who consume alcohol (%)",42,NA,"","","ML","East Jaintia Hills"
"1. Female population age 6 years and above who ever attended school (%)",91.3,NA,"","","ML","North Garo Hills"
"2. Population below age 15 years (%)",29.2,NA,"","","ML","North Garo Hills"
"3. Sex ratio of the total population (females per 1,000 males)",1009,NA,"","","ML","North Garo Hills"
"4. Sex ratio at birth for children born in the last five years (females per 1,000 males)",894,NA,"","","ML","North Garo Hills"
"5. Children under age 5 years whose birth was registered with the civil authority (%)",79.5,NA,"","","ML","North Garo Hills"
"6. Deaths in the last 3 years registered with the civil authority (%)",43.8,NA,"Based on 25-49 unweighted cases","","ML","North Garo Hills"
"7. Population living in households with electricity (%)",97.5,NA,"","","ML","North Garo Hills"
"8. Population living in households with an improved drinking-water source1 (%)",51.5,NA,"","","ML","North Garo Hills"
"9. Population living in households that use an improved sanitation facility2 (%)",84.9,NA,"","","ML","North Garo Hills"
"10. Households using clean fuel for cooking3 (%)",24.4,NA,"","","ML","North Garo Hills"
"11. Households using iodized salt (%)",84.1,NA,"","","ML","North Garo Hills"
"12. Households with any usual member covered under a health insurance/financing scheme (%)",60.8,NA,"","","ML","North Garo Hills"
"13. Children age 5 years who attended pre-primary school during the school year 2019-20 (%)",12.7,NA,"","","ML","North Garo Hills"
"14. Women who are literate4 (%)",86.1,NA,"","","ML","North Garo Hills"
"15. Women with 10 or more years of schooling (%)",38.4,NA,"","","ML","North Garo Hills"
"16. Women age 20-24 years married before age 18 years (%)",13.2,NA,"","","ML","North Garo Hills"
"17. Births in the 5 years preceding the survey that are third or higher order (%)",1.1,NA,"","","ML","North Garo Hills"
"18. Women age 15-19 years who were already mothers or pregnant at the time of the survey (%)",3.7,NA,"","","ML","North Garo Hills"
"19. Women age 15-24 years who use hygienic methods of protection during their menstrual period5 (%)",74.9,NA,"","","ML","North Garo Hills"
"20. Any method6 (%)",19.2,NA,"","","ML","North Garo Hills"
"21. Any modern method6 (%)",17.7,NA,"","","ML","North Garo Hills"
"22. Female sterilization (%)",2.9,NA,"","","ML","North Garo Hills"
"23. Male sterilization (%)",0,NA,"","","ML","North Garo Hills"
"24. IUD/PPIUD (%)",3.4,NA,"","","ML","North Garo Hills"
"25. Pill (%)",7.4,NA,"","","ML","North Garo Hills"
"26. Condom (%)",3.2,NA,"","","ML","North Garo Hills"
"27. Injectables (%)",0.7,NA,"","","ML","North Garo Hills"
"28. Total unmet need7 (%)",25.2,NA,"","","ML","North Garo Hills"
"29. Unmet need for spacing7 (%)",12.9,NA,"","","ML","North Garo Hills"
"30. Health worker ever talked to female non-users about family planning (%)",8,NA,"","","ML","North Garo Hills"
"31. Current users ever told about side effects of current method8 (%)",70.4,NA,"","","ML","North Garo Hills"
"32. Mothers who had an antenatal check-up in the first trimester (%)",40.3,NA,"","","ML","North Garo Hills"
"33. Mothers who had at least 4 antenatal care visits (%)",24.3,NA,"","","ML","North Garo Hills"
"34. Mothers whose last birth was protected against neonatal tetanus9 (%)",55.5,NA,"","","ML","North Garo Hills"
"35. Mothers who consumed iron folic acid for 100 days or more when they were pregnant (%)",23.7,NA,"","","ML","North Garo Hills"
"36. Mothers who consumed iron folic acid for 180 days or more when they were pregnant (%)",7.9,NA,"","","ML","North Garo Hills"
"37. Registered pregnancies for which the mother received a Mother and Child Protection (MCP) card (%)",85.8,NA,"","","ML","North Garo Hills"
"38. Mothers who received postnatal care from a doctor/nurse/LHV/ANM/midwife/other health personnel within 2 days of delivery (%)",40.5,NA,"","","ML","North Garo Hills"
"39. Average out-of-pocket expenditure per delivery in a public health facility (Rs.)",4504,NA,"","","ML","North Garo Hills"
"40. Children born at home who were taken to a health facility for a check-up within 24 hours of birth (%)",1,NA,"","","ML","North Garo Hills"
"41. Children who received postnatal care from a doctor/nurse/LHV/ANM/midwife/other health personnel within 2 days of delivery (%)",41.8,NA,"","","ML","North Garo Hills"
"42. Institutional births (%)",61.5,NA,"","","ML","North Garo Hills"
"43. Institutional births in public facility (%)",60.4,NA,"","","ML","North Garo Hills"
"44. Home births that were conducted by skilled health personnel10 (%)",5.9,NA,"","","ML","North Garo Hills"
"45. Births attended by skilled health personnel10 (%)",63.2,NA,"","","ML","North Garo Hills"
"46. Births delivered by caesarean section (%)",3.3,NA,"","","ML","North Garo Hills"
"47. Births in a private health facility that were delivered by caesarean section (%)",NA,NA,"Percentage not shown; based on fewer than 25 unweighted cases","","ML","North Garo Hills"
"48. Births in a public health facility that were delivered by caesarean section (%)",5.4,NA,"","","ML","North Garo Hills"
"49. Children age 12-23 months fully vaccinated based on information from either vaccination card or mother's recall11 (%)",47.5,NA,"Based on 25-49 unweighted cases","","ML","North Garo Hills"
"50. Children age 12-23 months fully vaccinated based on information from vaccination card only12 (%)",NA,NA,"Percentage not shown; based on fewer than 25 unweighted cases","","ML","North Garo Hills"
"51. Children age 12-23 months who have received BCG (%)",65.9,NA,"Based on 25-49 unweighted cases","","ML","North Garo Hills"
"52. Children age 12-23 months who have received 3 doses of polio vaccine13 (%)",54.7,NA,"Based on 25-49 unweighted cases","","ML","North Garo Hills"
"53. Children age 12-23 months who have received 3 doses of penta or DPT vaccine (%)",57.9,NA,"Based on 25-49 unweighted cases","","ML","North Garo Hills"
"54. Children age 12-23 months who have received the first dose of measles-containing vaccine (MCV) (%)",58.1,NA,"Based on 25-49 unweighted cases","","ML","North Garo Hills"
"55. Children age 24-35 months who have received a second dose of measles-containing vaccine (MCV) (%)",2.8,NA,"Based on 25-49 unweighted cases","","ML","North Garo Hills"
"56. Children age 12-23 months who have received 3 doses of rotavirus vaccine14 (%)",8.2,NA,"Based on 25-49 unweighted cases","","ML","North Garo Hills"
"57. Children age 12-23 months who have received 3 doses of penta or hepatitis B vaccine (%)",39.5,NA,"Based on 25-49 unweighted cases","","ML","North Garo Hills"
"58. Children age 9-59 months who received a vitamin A dose in the last 6 months (%)",42.6,NA,"","","ML","North Garo Hills"
"59. Children age 12-23 months who received most of their vaccinations in a public health facility (%)",96.9,NA,"Based on 25-49 unweighted cases","","ML","North Garo Hills"
"60. Children age 12-23 months who received most of their vaccinations in a private health facility (%)",0,NA,"Based on 25-49 unweighted cases","","ML","North Garo Hills"
"61. Prevalence of diarrhoea in the 2 weeks preceding the survey (%)",6.6,NA,"","","ML","North Garo Hills"
"62. Children with diarrhoea in the 2 weeks preceding the survey who received oral rehydration salts (ORS) (%)",NA,NA,"Percentage not shown; based on fewer than 25 unweighted cases","","ML","North Garo Hills"
"63. Children with diarrhoea in the 2 weeks preceding the survey who received zinc (%)",NA,NA,"Percentage not shown; based on fewer than 25 unweighted cases","","ML","North Garo Hills"
"64. Children with diarrhoea in the 2 weeks preceding the survey taken to a health facility or health provider (%)",NA,NA,"Percentage not shown; based on fewer than 25 unweighted cases","","ML","North Garo Hills"
"65. Prevalence of symptoms of acute respiratory infection (ARI) in the 2 weeks preceding the survey (%)",0.9,NA,"","","ML","North Garo Hills"
"66. Children with fever or symptoms of ARI in the 2 weeks preceding the survey taken to a health facility or health provider (%)",56.6,NA,"","","ML","North Garo Hills"
"67. Children under age 3 years breastfed within one hour of birth15 (%)",62.3,NA,"","","ML","North Garo Hills"
"68. Children under age 6 months exclusively breastfed16 (%)",NA,NA,"Percentage not shown; based on fewer than 25 unweighted cases","","ML","North Garo Hills"
"69. Children age 6-8 months receiving solid or semi-solid food and breastmilk16 (%)",NA,NA,"Percentage not shown; based on fewer than 25 unweighted cases","","ML","North Garo Hills"
"70. Breastfeeding children age 6-23 months receiving an adequate diet16, 17  (%)",11.7,NA,"","","ML","North Garo Hills"
"71. Non-breastfeeding children age 6-23 months receiving an adequate diet16, 17 (%)",NA,NA,"Percentage not shown; based on fewer than 25 unweighted cases","","ML","North Garo Hills"
"72. Total children age 6-23 months receiving an adequate diet16, 17  (%)",13.2,NA,"","","ML","North Garo Hills"
"73. Children under 5 years who are stunted (height-for-age)18 (%)",35.6,NA,"","","ML","North Garo Hills"
"74. Children under 5 years who are wasted (weight-for-height)18 (%)",11.7,NA,"","","ML","North Garo Hills"
"75. Children under 5 years who are severely wasted (weight-for-height)19 (%)",5.6,NA,"","","ML","North Garo Hills"
"76. Children under 5 years who are underweight (weight-for-age)18 (%)",15.8,NA,"","","ML","North Garo Hills"
"77. Children under 5 years who are overweight (weight-for-height)20 (%)",7.3,NA,"","","ML","North Garo Hills"
"78. Women whose Body Mass Index (BMI) is below normal (BMI <18.5 kg/m2)21 (%)",7.7,NA,"","","ML","North Garo Hills"
"79. Women who are overweight or obese (BMI ≥25.0 kg/m2)21 (%)",11.1,NA,"","","ML","North Garo Hills"
"80. Women who have high risk waist-to-hip ratio (≥0.85) (%)",65.9,NA,"","","ML","North Garo Hills"
"81. Children age 6-59 months who are anaemic (<11.0 g/dl)22 (%)",30.2,NA,"","","ML","North Garo Hills"
"82. Non-pregnant women age 15-49 years who are anaemic (<12.0 g/dl)22 (%)",58.9,NA,"","","ML","North Garo Hills"
"83. Pregnant women age 15-49 years who are anaemic (<11.0 g/dl)22 (%)",40.8,NA,"Based on 25-49 unweighted cases","","ML","North Garo Hills"
"84. All women age 15-49 years who are anaemic22 (%)",58.4,NA,"","","ML","North Garo Hills"
"85. All women age 15-19 years who are anaemic22 (%)",65.2,NA,"","","ML","North Garo Hills"
"86. Blood sugar level - high (141-160 mg/dl)23 (%)",7.8,NA,"","","ML","North Garo Hills"
"87. Blood sugar level - very high (>160 mg/dl)23 (%)",2.7,NA,"","","ML","North Garo Hills"
"88. Blood sugar level - high or very high (>140 mg/dl) or taking medicine to control blood sugar level23 (%)",12.2,NA,"","","ML","North Garo Hills"
"89. Blood sugar level - high (141-160 mg/dl)23 (%)",11.8,NA,"","","ML","North Garo Hills"
"90. Blood sugar level - very high (>160 mg/dl)23 (%)",4.1,NA,"","","ML","North Garo Hills"
"91. Blood sugar level - high or very high (>140 mg/dl) or taking medicine to control blood sugar level23 (%)",18.7,NA,"","","ML","North Garo Hills"
"92. Mildly elevated blood pressure (Systolic 140-159 mm of Hg and/or Diastolic 90-99 mm of Hg) (%)",10.5,NA,"","","ML","North Garo Hills"
"93. Moderately or severely elevated blood pressure (Systolic ≥160mm of Hg and/or Diastolic ≥100mm of Hg) (%)",4.6,NA,"","","ML","North Garo Hills"
"94. Elevated blood pressure (Systolic ≥140 mm of Hg and/or Diastolic ≥90 mm of Hg) or taking medicine to control blood pressure (%)",20,NA,"","","ML","North Garo Hills"
"95. Mildly elevated blood pressure (Systolic 140-159 mm of Hg and/or Diastolic 90-99 mm of Hg) (%)",15.7,NA,"","","ML","North Garo Hills"
"96. Moderately or severely elevated blood pressure (Systolic ≥160mm of Hg and/or Diastolic ≥100mm of Hg) (%)",5.3,NA,"","","ML","North Garo Hills"
"97. Elevated blood pressure (Systolic ≥140 mm of Hg and/or Diastolic ≥90 mm of Hg) or taking medicine to control blood pressure (%)",25.4,NA,"","","ML","North Garo Hills"
"98. Ever undergone a screening test for cervical cancer (%)",0,NA,"","","ML","North Garo Hills"
"99. Ever undergone a breast examination for breast cancer (%)",0,NA,"","","ML","North Garo Hills"
"100. Ever undergone an oral cavity examination for oral cancer (%)",0.2,NA,"","","ML","North Garo Hills"
"101. Women age 15 years and above who use any kind of tobacco (%)",3.8,NA,"","","ML","North Garo Hills"
"102. Men age 15 years and above who use any kind of tobacco (%)",54.1,NA,"","","ML","North Garo Hills"
"103. Women age 15 years and above who consume alcohol (%)",2.2,NA,"","","ML","North Garo Hills"
"104. Men age 15 years and above who consume alcohol (%)",40.2,NA,"","","ML","North Garo Hills"
"1. Female population age 6 years and above who ever attended school (%)",81.7,NA,"","","ML","South West Garo Hills"
"2. Population below age 15 years (%)",30.3,NA,"","","ML","South West Garo Hills"
"3. Sex ratio of the total population (females per 1,000 males)",995,NA,"","","ML","South West Garo Hills"
"4. Sex ratio at birth for children born in the last five years (females per 1,000 males)",1036,NA,"","","ML","South West Garo Hills"
"5. Children under age 5 years whose birth was registered with the civil authority (%)",87.7,NA,"","","ML","South West Garo Hills"
"6. Deaths in the last 3 years registered with the civil authority (%)",71.4,NA,"","","ML","South West Garo Hills"
"7. Population living in households with electricity (%)",95.5,NA,"","","ML","South West Garo Hills"
"8. Population living in households with an improved drinking-water source1 (%)",58.6,NA,"","","ML","South West Garo Hills"
"9. Population living in households that use an improved sanitation facility2 (%)",71.4,NA,"","","ML","South West Garo Hills"
"10. Households using clean fuel for cooking3 (%)",33.9,NA,"","","ML","South West Garo Hills"
"11. Households using iodized salt (%)",74.5,NA,"","","ML","South West Garo Hills"
"12. Households with any usual member covered under a health insurance/financing scheme (%)",75.1,NA,"","","ML","South West Garo Hills"
"13. Children age 5 years who attended pre-primary school during the school year 2019-20 (%)",7.8,NA,"","","ML","South West Garo Hills"
"14. Women who are literate4 (%)",82.6,NA,"","","ML","South West Garo Hills"
"15. Women with 10 or more years of schooling (%)",33,NA,"","","ML","South West Garo Hills"
"16. Women age 20-24 years married before age 18 years (%)",15.3,NA,"","","ML","South West Garo Hills"
"17. Births in the 5 years preceding the survey that are third or higher order (%)",0.3,NA,"","","ML","South West Garo Hills"
"18. Women age 15-19 years who were already mothers or pregnant at the time of the survey (%)",6.3,NA,"","","ML","South West Garo Hills"
"19. Women age 15-24 years who use hygienic methods of protection during their menstrual period5 (%)",66.8,NA,"","","ML","South West Garo Hills"
"20. Any method6 (%)",36.7,NA,"","","ML","South West Garo Hills"
"21. Any modern method6 (%)",32.3,NA,"","","ML","South West Garo Hills"
"22. Female sterilization (%)",3.5,NA,"","","ML","South West Garo Hills"
"23. Male sterilization (%)",0,NA,"","","ML","South West Garo Hills"
"24. IUD/PPIUD (%)",5.5,NA,"","","ML","South West Garo Hills"
"25. Pill (%)",14.9,NA,"","","ML","South West Garo Hills"
"26. Condom (%)",6.2,NA,"","","ML","South West Garo Hills"
"27. Injectables (%)",1,NA,"","","ML","South West Garo Hills"
"28. Total unmet need7 (%)",30.4,NA,"","","ML","South West Garo Hills"
"29. Unmet need for spacing7 (%)",16.7,NA,"","","ML","South West Garo Hills"
"30. Health worker ever talked to female non-users about family planning (%)",24.2,NA,"","","ML","South West Garo Hills"
"31. Current users ever told about side effects of current method8 (%)",82.9,NA,"","","ML","South West Garo Hills"
"32. Mothers who had an antenatal check-up in the first trimester (%)",57,NA,"","","ML","South West Garo Hills"
"33. Mothers who had at least 4 antenatal care visits (%)",28.5,NA,"","","ML","South West Garo Hills"
"34. Mothers whose last birth was protected against neonatal tetanus9 (%)",80.7,NA,"","","ML","South West Garo Hills"
"35. Mothers who consumed iron folic acid for 100 days or more when they were pregnant (%)",28.3,NA,"","","ML","South West Garo Hills"
"36. Mothers who consumed iron folic acid for 180 days or more when they were pregnant (%)",11,NA,"","","ML","South West Garo Hills"
"37. Registered pregnancies for which the mother received a Mother and Child Protection (MCP) card (%)",99,NA,"","","ML","South West Garo Hills"
"38. Mothers who received postnatal care from a doctor/nurse/LHV/ANM/midwife/other health personnel within 2 days of delivery (%)",60.6,NA,"","","ML","South West Garo Hills"
"39. Average out-of-pocket expenditure per delivery in a public health facility (Rs.)",2666,NA,"","","ML","South West Garo Hills"
"40. Children born at home who were taken to a health facility for a check-up within 24 hours of birth (%)",3.7,NA,"Based on 25-49 unweighted cases","","ML","South West Garo Hills"
"41. Children who received postnatal care from a doctor/nurse/LHV/ANM/midwife/other health personnel within 2 days of delivery (%)",55.1,NA,"","","ML","South West Garo Hills"
"42. Institutional births (%)",83.7,NA,"","","ML","South West Garo Hills"
"43. Institutional births in public facility (%)",83.7,NA,"","","ML","South West Garo Hills"
"44. Home births that were conducted by skilled health personnel10 (%)",4.9,NA,"","","ML","South West Garo Hills"
"45. Births attended by skilled health personnel10 (%)",88.3,NA,"","","ML","South West Garo Hills"
"46. Births delivered by caesarean section (%)",2.4,NA,"","","ML","South West Garo Hills"
"47. Births in a private health facility that were delivered by caesarean section (%)",NA,NA,"Percentage not shown; based on fewer than 25 unweighted cases","","ML","South West Garo Hills"
"48. Births in a public health facility that were delivered by caesarean section (%)",2.9,NA,"","","ML","South West Garo Hills"
"49. Children age 12-23 months fully vaccinated based on information from either vaccination card or mother's recall11 (%)",85.4,NA,"","","ML","South West Garo Hills"
"50. Children age 12-23 months fully vaccinated based on information from vaccination card only12 (%)",90.1,NA,"","","ML","South West Garo Hills"
"51. Children age 12-23 months who have received BCG (%)",98.6,NA,"","","ML","South West Garo Hills"
"52. Children age 12-23 months who have received 3 doses of polio vaccine13 (%)",91.1,NA,"","","ML","South West Garo Hills"
"53. Children age 12-23 months who have received 3 doses of penta or DPT vaccine (%)",90.9,NA,"","","ML","South West Garo Hills"
"54. Children age 12-23 months who have received the first dose of measles-containing vaccine (MCV) (%)",92.1,NA,"","","ML","South West Garo Hills"
"55. Children age 24-35 months who have received a second dose of measles-containing vaccine (MCV) (%)",25.7,NA,"","","ML","South West Garo Hills"
"56. Children age 12-23 months who have received 3 doses of rotavirus vaccine14 (%)",13.4,NA,"","","ML","South West Garo Hills"
"57. Children age 12-23 months who have received 3 doses of penta or hepatitis B vaccine (%)",89.5,NA,"","","ML","South West Garo Hills"
"58. Children age 9-59 months who received a vitamin A dose in the last 6 months (%)",53,NA,"","","ML","South West Garo Hills"
"59. Children age 12-23 months who received most of their vaccinations in a public health facility (%)",100,NA,"","","ML","South West Garo Hills"
"60. Children age 12-23 months who received most of their vaccinations in a private health facility (%)",0,NA,"","","ML","South West Garo Hills"
"61. Prevalence of diarrhoea in the 2 weeks preceding the survey (%)",7.9,NA,"","","ML","South West Garo Hills"
"62. Children with diarrhoea in the 2 weeks preceding the survey who received oral rehydration salts (ORS) (%)",89.5,NA,"Based on 25-49 unweighted cases","","ML","South West Garo Hills"
"63. Children with diarrhoea in the 2 weeks preceding the survey who received zinc (%)",46.4,NA,"Based on 25-49 unweighted cases","","ML","South West Garo Hills"
"64. Children with diarrhoea in the 2 weeks preceding the survey taken to a health facility or health provider (%)",85.9,NA,"Based on 25-49 unweighted cases","","ML","South West Garo Hills"
"65. Prevalence of symptoms of acute respiratory infection (ARI) in the 2 weeks preceding the survey (%)",7.5,NA,"","","ML","South West Garo Hills"
"66. Children with fever or symptoms of ARI in the 2 weeks preceding the survey taken to a health facility or health provider (%)",70.7,NA,"","","ML","South West Garo Hills"
"67. Children under age 3 years breastfed within one hour of birth15 (%)",54.5,NA,"","","ML","South West Garo Hills"
"68. Children under age 6 months exclusively breastfed16 (%)",NA,NA,"Percentage not shown; based on fewer than 25 unweighted cases","","ML","South West Garo Hills"
"69. Children age 6-8 months receiving solid or semi-solid food and breastmilk16 (%)",NA,NA,"Percentage not shown; based on fewer than 25 unweighted cases","","ML","South West Garo Hills"
"70. Breastfeeding children age 6-23 months receiving an adequate diet16, 17  (%)",32.1,NA,"","","ML","South West Garo Hills"
"71. Non-breastfeeding children age 6-23 months receiving an adequate diet16, 17 (%)",NA,NA,"Percentage not shown; based on fewer than 25 unweighted cases","","ML","South West Garo Hills"
"72. Total children age 6-23 months receiving an adequate diet16, 17  (%)",30,NA,"","","ML","South West Garo Hills"
"73. Children under 5 years who are stunted (height-for-age)18 (%)",32.2,NA,"","","ML","South West Garo Hills"
"74. Children under 5 years who are wasted (weight-for-height)18 (%)",19.9,NA,"","","ML","South West Garo Hills"
"75. Children under 5 years who are severely wasted (weight-for-height)19 (%)",7.1,NA,"","","ML","South West Garo Hills"
"76. Children under 5 years who are underweight (weight-for-age)18 (%)",26.4,NA,"","","ML","South West Garo Hills"
"77. Children under 5 years who are overweight (weight-for-height)20 (%)",3.3,NA,"","","ML","South West Garo Hills"
"78. Women whose Body Mass Index (BMI) is below normal (BMI <18.5 kg/m2)21 (%)",8.5,NA,"","","ML","South West Garo Hills"
"79. Women who are overweight or obese (BMI ≥25.0 kg/m2)21 (%)",9,NA,"","","ML","South West Garo Hills"
"80. Women who have high risk waist-to-hip ratio (≥0.85) (%)",71.5,NA,"","","ML","South West Garo Hills"
"81. Children age 6-59 months who are anaemic (<11.0 g/dl)22 (%)",35.5,NA,"","","ML","South West Garo Hills"
"82. Non-pregnant women age 15-49 years who are anaemic (<12.0 g/dl)22 (%)",63.6,NA,"","","ML","South West Garo Hills"
"83. Pregnant women age 15-49 years who are anaemic (<11.0 g/dl)22 (%)",37.8,NA,"","","ML","South West Garo Hills"
"84. All women age 15-49 years who are anaemic22 (%)",62.5,NA,"","","ML","South West Garo Hills"
"85. All women age 15-19 years who are anaemic22 (%)",67.3,NA,"","","ML","South West Garo Hills"
"86. Blood sugar level - high (141-160 mg/dl)23 (%)",8.9,NA,"","","ML","South West Garo Hills"
"87. Blood sugar level - very high (>160 mg/dl)23 (%)",3.5,NA,"","","ML","South West Garo Hills"
"88. Blood sugar level - high or very high (>140 mg/dl) or taking medicine to control blood sugar level23 (%)",12.9,NA,"","","ML","South West Garo Hills"
"89. Blood sugar level - high (141-160 mg/dl)23 (%)",12.4,NA,"","","ML","South West Garo Hills"
"90. Blood sugar level - very high (>160 mg/dl)23 (%)",4.3,NA,"","","ML","South West Garo Hills"
"91. Blood sugar level - high or very high (>140 mg/dl) or taking medicine to control blood sugar level23 (%)",16.7,NA,"","","ML","South West Garo Hills"
"92. Mildly elevated blood pressure (Systolic 140-159 mm of Hg and/or Diastolic 90-99 mm of Hg) (%)",8,NA,"","","ML","South West Garo Hills"
"93. Moderately or severely elevated blood pressure (Systolic ≥160mm of Hg and/or Diastolic ≥100mm of Hg) (%)",2.1,NA,"","","ML","South West Garo Hills"
"94. Elevated blood pressure (Systolic ≥140 mm of Hg and/or Diastolic ≥90 mm of Hg) or taking medicine to control blood pressure (%)",13.6,NA,"","","ML","South West Garo Hills"
"95. Mildly elevated blood pressure (Systolic 140-159 mm of Hg and/or Diastolic 90-99 mm of Hg) (%)",14.5,NA,"","","ML","South West Garo Hills"
"96. Moderately or severely elevated blood pressure (Systolic ≥160mm of Hg and/or Diastolic ≥100mm of Hg) (%)",2.7,NA,"","","ML","South West Garo Hills"
"97. Elevated blood pressure (Systolic ≥140 mm of Hg and/or Diastolic ≥90 mm of Hg) or taking medicine to control blood pressure (%)",20,NA,"","","ML","South West Garo Hills"
"98. Ever undergone a screening test for cervical cancer (%)",0,NA,"","","ML","South West Garo Hills"
"99. Ever undergone a breast examination for breast cancer (%)",0,NA,"","","ML","South West Garo Hills"
"100. Ever undergone an oral cavity examination for oral cancer (%)",0,NA,"","","ML","South West Garo Hills"
"101. Women age 15 years and above who use any kind of tobacco (%)",11.1,NA,"","","ML","South West Garo Hills"
"102. Men age 15 years and above who use any kind of tobacco (%)",52.4,NA,"","","ML","South West Garo Hills"
"103. Women age 15 years and above who consume alcohol (%)",1.2,NA,"","","ML","South West Garo Hills"
"104. Men age 15 years and above who consume alcohol (%)",30.6,NA,"","","ML","South West Garo Hills"
"1. Female population age 6 years and above who ever attended school (%)",84.6,NA,"","","ML","South West Khasi Hills"
"2. Population below age 15 years (%)",46.7,NA,"","","ML","South West Khasi Hills"
"3. Sex ratio of the total population (females per 1,000 males)",1025,NA,"","","ML","South West Khasi Hills"
"4. Sex ratio at birth for children born in the last five years (females per 1,000 males)",1032,NA,"","","ML","South West Khasi Hills"
"5. Children under age 5 years whose birth was registered with the civil authority (%)",80.3,NA,"","","ML","South West Khasi Hills"
"6. Deaths in the last 3 years registered with the civil authority (%)",49.5,NA,"","","ML","South West Khasi Hills"
"7. Population living in households with electricity (%)",87.9,NA,"","","ML","South West Khasi Hills"
"8. Population living in households with an improved drinking-water source1 (%)",85.3,NA,"","","ML","South West Khasi Hills"
"9. Population living in households that use an improved sanitation facility2 (%)",89.6,NA,"","","ML","South West Khasi Hills"
"10. Households using clean fuel for cooking3 (%)",11.6,NA,"","","ML","South West Khasi Hills"
"11. Households using iodized salt (%)",99.7,NA,"","","ML","South West Khasi Hills"
"12. Households with any usual member covered under a health insurance/financing scheme (%)",72.3,NA,"","","ML","South West Khasi Hills"
"13. Children age 5 years who attended pre-primary school during the school year 2019-20 (%)",44.2,NA,"","","ML","South West Khasi Hills"
"14. Women who are literate4 (%)",85.9,NA,"","","ML","South West Khasi Hills"
"15. Women with 10 or more years of schooling (%)",23.4,NA,"","","ML","South West Khasi Hills"
"16. Women age 20-24 years married before age 18 years (%)",21.6,NA,"","","ML","South West Khasi Hills"
"17. Births in the 5 years preceding the survey that are third or higher order (%)",6.5,NA,"","","ML","South West Khasi Hills"
"18. Women age 15-19 years who were already mothers or pregnant at the time of the survey (%)",13.2,NA,"","","ML","South West Khasi Hills"
"19. Women age 15-24 years who use hygienic methods of protection during their menstrual period5 (%)",57.3,NA,"","","ML","South West Khasi Hills"
"20. Any method6 (%)",26.5,NA,"","","ML","South West Khasi Hills"
"21. Any modern method6 (%)",15.7,NA,"","","ML","South West Khasi Hills"
"22. Female sterilization (%)",6.2,NA,"","","ML","South West Khasi Hills"
"23. Male sterilization (%)",0,NA,"","","ML","South West Khasi Hills"
"24. IUD/PPIUD (%)",1.2,NA,"","","ML","South West Khasi Hills"
"25. Pill (%)",5.6,NA,"","","ML","South West Khasi Hills"
"26. Condom (%)",1.2,NA,"","","ML","South West Khasi Hills"
"27. Injectables (%)",1.1,NA,"","","ML","South West Khasi Hills"
"28. Total unmet need7 (%)",26.2,NA,"","","ML","South West Khasi Hills"
"29. Unmet need for spacing7 (%)",20.1,NA,"","","ML","South West Khasi Hills"
"30. Health worker ever talked to female non-users about family planning (%)",42.8,NA,"","","ML","South West Khasi Hills"
"31. Current users ever told about side effects of current method8 (%)",82.3,NA,"","","ML","South West Khasi Hills"
"32. Mothers who had an antenatal check-up in the first trimester (%)",48.5,NA,"","","ML","South West Khasi Hills"
"33. Mothers who had at least 4 antenatal care visits (%)",63.4,NA,"","","ML","South West Khasi Hills"
"34. Mothers whose last birth was protected against neonatal tetanus9 (%)",85.6,NA,"","","ML","South West Khasi Hills"
"35. Mothers who consumed iron folic acid for 100 days or more when they were pregnant (%)",53.8,NA,"","","ML","South West Khasi Hills"
"36. Mothers who consumed iron folic acid for 180 days or more when they were pregnant (%)",19.8,NA,"","","ML","South West Khasi Hills"
"37. Registered pregnancies for which the mother received a Mother and Child Protection (MCP) card (%)",97,NA,"","","ML","South West Khasi Hills"
"38. Mothers who received postnatal care from a doctor/nurse/LHV/ANM/midwife/other health personnel within 2 days of delivery (%)",42.9,NA,"","","ML","South West Khasi Hills"
"39. Average out-of-pocket expenditure per delivery in a public health facility (Rs.)",3902,NA,"","","ML","South West Khasi Hills"
"40. Children born at home who were taken to a health facility for a check-up within 24 hours of birth (%)",0.3,NA,"","","ML","South West Khasi Hills"
"41. Children who received postnatal care from a doctor/nurse/LHV/ANM/midwife/other health personnel within 2 days of delivery (%)",38.7,NA,"","","ML","South West Khasi Hills"
"42. Institutional births (%)",41.7,NA,"","","ML","South West Khasi Hills"
"43. Institutional births in public facility (%)",37.6,NA,"","","ML","South West Khasi Hills"
"44. Home births that were conducted by skilled health personnel10 (%)",7.6,NA,"","","ML","South West Khasi Hills"
"45. Births attended by skilled health personnel10 (%)",49.3,NA,"","","ML","South West Khasi Hills"
"46. Births delivered by caesarean section (%)",4.2,NA,"","","ML","South West Khasi Hills"
"47. Births in a private health facility that were delivered by caesarean section (%)",32.7,NA,"Based on 25-49 unweighted cases","","ML","South West Khasi Hills"
"48. Births in a public health facility that were delivered by caesarean section (%)",7.7,NA,"","","ML","South West Khasi Hills"
"49. Children age 12-23 months fully vaccinated based on information from either vaccination card or mother's recall11 (%)",78.8,NA,"","","ML","South West Khasi Hills"
"50. Children age 12-23 months fully vaccinated based on information from vaccination card only12 (%)",86.3,NA,"","","ML","South West Khasi Hills"
"51. Children age 12-23 months who have received BCG (%)",95.8,NA,"","","ML","South West Khasi Hills"
"52. Children age 12-23 months who have received 3 doses of polio vaccine13 (%)",80.5,NA,"","","ML","South West Khasi Hills"
"53. Children age 12-23 months who have received 3 doses of penta or DPT vaccine (%)",86.9,NA,"","","ML","South West Khasi Hills"
"54. Children age 12-23 months who have received the first dose of measles-containing vaccine (MCV) (%)",86.4,NA,"","","ML","South West Khasi Hills"
"55. Children age 24-35 months who have received a second dose of measles-containing vaccine (MCV) (%)",17.4,NA,"","","ML","South West Khasi Hills"
"56. Children age 12-23 months who have received 3 doses of rotavirus vaccine14 (%)",0.6,NA,"","","ML","South West Khasi Hills"
"57. Children age 12-23 months who have received 3 doses of penta or hepatitis B vaccine (%)",82.4,NA,"","","ML","South West Khasi Hills"
"58. Children age 9-59 months who received a vitamin A dose in the last 6 months (%)",64,NA,"","","ML","South West Khasi Hills"
"59. Children age 12-23 months who received most of their vaccinations in a public health facility (%)",98.1,NA,"","","ML","South West Khasi Hills"
"60. Children age 12-23 months who received most of their vaccinations in a private health facility (%)",0,NA,"","","ML","South West Khasi Hills"
"61. Prevalence of diarrhoea in the 2 weeks preceding the survey (%)",7.5,NA,"","","ML","South West Khasi Hills"
"62. Children with diarrhoea in the 2 weeks preceding the survey who received oral rehydration salts (ORS) (%)",73.1,NA,"","","ML","South West Khasi Hills"
"63. Children with diarrhoea in the 2 weeks preceding the survey who received zinc (%)",31.1,NA,"","","ML","South West Khasi Hills"
"64. Children with diarrhoea in the 2 weeks preceding the survey taken to a health facility or health provider (%)",56.4,NA,"","","ML","South West Khasi Hills"
"65. Prevalence of symptoms of acute respiratory infection (ARI) in the 2 weeks preceding the survey (%)",6,NA,"","","ML","South West Khasi Hills"
"66. Children with fever or symptoms of ARI in the 2 weeks preceding the survey taken to a health facility or health provider (%)",67.7,NA,"","","ML","South West Khasi Hills"
"67. Children under age 3 years breastfed within one hour of birth15 (%)",76.8,NA,"","","ML","South West Khasi Hills"
"68. Children under age 6 months exclusively breastfed16 (%)",54.4,NA,"","","ML","South West Khasi Hills"
"69. Children age 6-8 months receiving solid or semi-solid food and breastmilk16 (%)",65.6,NA,"Based on 25-49 unweighted cases","","ML","South West Khasi Hills"
"70. Breastfeeding children age 6-23 months receiving an adequate diet16, 17  (%)",30.6,NA,"","","ML","South West Khasi Hills"
"71. Non-breastfeeding children age 6-23 months receiving an adequate diet16, 17 (%)",33.5,NA,"","","ML","South West Khasi Hills"
"72. Total children age 6-23 months receiving an adequate diet16, 17  (%)",31.2,NA,"","","ML","South West Khasi Hills"
"73. Children under 5 years who are stunted (height-for-age)18 (%)",51.4,NA,"","","ML","South West Khasi Hills"
"74. Children under 5 years who are wasted (weight-for-height)18 (%)",10.4,NA,"","","ML","South West Khasi Hills"
"75. Children under 5 years who are severely wasted (weight-for-height)19 (%)",4.1,NA,"","","ML","South West Khasi Hills"
"76. Children under 5 years who are underweight (weight-for-age)18 (%)",27.6,NA,"","","ML","South West Khasi Hills"
"77. Children under 5 years who are overweight (weight-for-height)20 (%)",3.5,NA,"","","ML","South West Khasi Hills"
"78. Women whose Body Mass Index (BMI) is below normal (BMI <18.5 kg/m2)21 (%)",17.2,NA,"","","ML","South West Khasi Hills"
"79. Women who are overweight or obese (BMI ≥25.0 kg/m2)21 (%)",8.9,NA,"","","ML","South West Khasi Hills"
"80. Women who have high risk waist-to-hip ratio (≥0.85) (%)",53.5,NA,"","","ML","South West Khasi Hills"
"81. Children age 6-59 months who are anaemic (<11.0 g/dl)22 (%)",61.3,NA,"","","ML","South West Khasi Hills"
"82. Non-pregnant women age 15-49 years who are anaemic (<12.0 g/dl)22 (%)",58.5,NA,"","","ML","South West Khasi Hills"
"83. Pregnant women age 15-49 years who are anaemic (<11.0 g/dl)22 (%)",63.2,NA,"","","ML","South West Khasi Hills"
"84. All women age 15-49 years who are anaemic22 (%)",58.9,NA,"","","ML","South West Khasi Hills"
"85. All women age 15-19 years who are anaemic22 (%)",53.8,NA,"","","ML","South West Khasi Hills"
"86. Blood sugar level - high (141-160 mg/dl)23 (%)",3.2,NA,"","","ML","South West Khasi Hills"
"87. Blood sugar level - very high (>160 mg/dl)23 (%)",2.2,NA,"","","ML","South West Khasi Hills"
"88. Blood sugar level - high or very high (>140 mg/dl) or taking medicine to control blood sugar level23 (%)",6.3,NA,"","","ML","South West Khasi Hills"
"89. Blood sugar level - high (141-160 mg/dl)23 (%)",4.2,NA,"","","ML","South West Khasi Hills"
"90. Blood sugar level - very high (>160 mg/dl)23 (%)",2.6,NA,"","","ML","South West Khasi Hills"
"91. Blood sugar level - high or very high (>140 mg/dl) or taking medicine to control blood sugar level23 (%)",6.9,NA,"","","ML","South West Khasi Hills"
"92. Mildly elevated blood pressure (Systolic 140-159 mm of Hg and/or Diastolic 90-99 mm of Hg) (%)",10.9,NA,"","","ML","South West Khasi Hills"
"93. Moderately or severely elevated blood pressure (Systolic ≥160mm of Hg and/or Diastolic ≥100mm of Hg) (%)",4.4,NA,"","","ML","South West Khasi Hills"
"94. Elevated blood pressure (Systolic ≥140 mm of Hg and/or Diastolic ≥90 mm of Hg) or taking medicine to control blood pressure (%)",18.5,NA,"","","ML","South West Khasi Hills"
"95. Mildly elevated blood pressure (Systolic 140-159 mm of Hg and/or Diastolic 90-99 mm of Hg) (%)",12.8,NA,"","","ML","South West Khasi Hills"
"96. Moderately or severely elevated blood pressure (Systolic ≥160mm of Hg and/or Diastolic ≥100mm of Hg) (%)",5.2,NA,"","","ML","South West Khasi Hills"
"97. Elevated blood pressure (Systolic ≥140 mm of Hg and/or Diastolic ≥90 mm of Hg) or taking medicine to control blood pressure (%)",19,NA,"","","ML","South West Khasi Hills"
"98. Ever undergone a screening test for cervical cancer (%)",0.2,NA,"","","ML","South West Khasi Hills"
"99. Ever undergone a breast examination for breast cancer (%)",0,NA,"","","ML","South West Khasi Hills"
"100. Ever undergone an oral cavity examination for oral cancer (%)",0.2,NA,"","","ML","South West Khasi Hills"
"101. Women age 15 years and above who use any kind of tobacco (%)",50,NA,"","","ML","South West Khasi Hills"
"102. Men age 15 years and above who use any kind of tobacco (%)",63.7,NA,"","","ML","South West Khasi Hills"
"103. Women age 15 years and above who consume alcohol (%)",1.1,NA,"","","ML","South West Khasi Hills"
"104. Men age 15 years and above who consume alcohol (%)",31.7,NA,"","","ML","South West Khasi Hills"
"1. Female population age 6 years and above who ever attended school (%)",73.8,NA,"","","ML","West Jaintia Hills"
"2. Population below age 15 years (%)",44.8,NA,"","","ML","West Jaintia Hills"
"3. Sex ratio of the total population (females per 1,000 males)",1143,NA,"","","ML","West Jaintia Hills"
"4. Sex ratio at birth for children born in the last five years (females per 1,000 males)",1036,NA,"","","ML","West Jaintia Hills"
"5. Children under age 5 years whose birth was registered with the civil authority (%)",81.7,NA,"","","ML","West Jaintia Hills"
"6. Deaths in the last 3 years registered with the civil authority (%)",55.7,NA,"","","ML","West Jaintia Hills"
"7. Population living in households with electricity (%)",75.4,NA,"","","ML","West Jaintia Hills"
"8. Population living in households with an improved drinking-water source1 (%)",70.6,NA,"","","ML","West Jaintia Hills"
"9. Population living in households that use an improved sanitation facility2 (%)",75.1,NA,"","","ML","West Jaintia Hills"
"10. Households using clean fuel for cooking3 (%)",20.7,NA,"","","ML","West Jaintia Hills"
"11. Households using iodized salt (%)",97.3,NA,"","","ML","West Jaintia Hills"
"12. Households with any usual member covered under a health insurance/financing scheme (%)",65.6,NA,"","","ML","West Jaintia Hills"
"13. Children age 5 years who attended pre-primary school during the school year 2019-20 (%)",33.3,NA,"","","ML","West Jaintia Hills"
"14. Women who are literate4 (%)",80,NA,"","","ML","West Jaintia Hills"
"15. Women with 10 or more years of schooling (%)",24.7,NA,"","","ML","West Jaintia Hills"
"16. Women age 20-24 years married before age 18 years (%)",19.9,NA,"","","ML","West Jaintia Hills"
"17. Births in the 5 years preceding the survey that are third or higher order (%)",4.8,NA,"","","ML","West Jaintia Hills"
"18. Women age 15-19 years who were already mothers or pregnant at the time of the survey (%)",11.9,NA,"","","ML","West Jaintia Hills"
"19. Women age 15-24 years who use hygienic methods of protection during their menstrual period5 (%)",32.6,NA,"","","ML","West Jaintia Hills"
"20. Any method6 (%)",19.3,NA,"","","ML","West Jaintia Hills"
"21. Any modern method6 (%)",17.5,NA,"","","ML","West Jaintia Hills"
"22. Female sterilization (%)",4.5,NA,"","","ML","West Jaintia Hills"
"23. Male sterilization (%)",0,NA,"","","ML","West Jaintia Hills"
"24. IUD/PPIUD (%)",2.5,NA,"","","ML","West Jaintia Hills"
"25. Pill (%)",7.1,NA,"","","ML","West Jaintia Hills"
"26. Condom (%)",1,NA,"","","ML","West Jaintia Hills"
"27. Injectables (%)",2.4,NA,"","","ML","West Jaintia Hills"
"28. Total unmet need7 (%)",29.3,NA,"","","ML","West Jaintia Hills"
"29. Unmet need for spacing7 (%)",21.7,NA,"","","ML","West Jaintia Hills"
"30. Health worker ever talked to female non-users about family planning (%)",31.4,NA,"","","ML","West Jaintia Hills"
"31. Current users ever told about side effects of current method8 (%)",70.4,NA,"","","ML","West Jaintia Hills"
"32. Mothers who had an antenatal check-up in the first trimester (%)",44,NA,"","","ML","West Jaintia Hills"
"33. Mothers who had at least 4 antenatal care visits (%)",43.1,NA,"","","ML","West Jaintia Hills"
"34. Mothers whose last birth was protected against neonatal tetanus9 (%)",79.2,NA,"","","ML","West Jaintia Hills"
"35. Mothers who consumed iron folic acid for 100 days or more when they were pregnant (%)",32.7,NA,"","","ML","West Jaintia Hills"
"36. Mothers who consumed iron folic acid for 180 days or more when they were pregnant (%)",19.8,NA,"","","ML","West Jaintia Hills"
"37. Registered pregnancies for which the mother received a Mother and Child Protection (MCP) card (%)",88.1,NA,"","","ML","West Jaintia Hills"
"38. Mothers who received postnatal care from a doctor/nurse/LHV/ANM/midwife/other health personnel within 2 days of delivery (%)",28.6,NA,"","","ML","West Jaintia Hills"
"39. Average out-of-pocket expenditure per delivery in a public health facility (Rs.)",2917,NA,"","","ML","West Jaintia Hills"
"40. Children born at home who were taken to a health facility for a check-up within 24 hours of birth (%)",0.4,NA,"","","ML","West Jaintia Hills"
"41. Children who received postnatal care from a doctor/nurse/LHV/ANM/midwife/other health personnel within 2 days of delivery (%)",30.8,NA,"","","ML","West Jaintia Hills"
"42. Institutional births (%)",42.2,NA,"","","ML","West Jaintia Hills"
"43. Institutional births in public facility (%)",31.9,NA,"","","ML","West Jaintia Hills"
"44. Home births that were conducted by skilled health personnel10 (%)",7.7,NA,"","","ML","West Jaintia Hills"
"45. Births attended by skilled health personnel10 (%)",50.7,NA,"","","ML","West Jaintia Hills"
"46. Births delivered by caesarean section (%)",6.2,NA,"","","ML","West Jaintia Hills"
"47. Births in a private health facility that were delivered by caesarean section (%)",34.4,NA,"","","ML","West Jaintia Hills"
"48. Births in a public health facility that were delivered by caesarean section (%)",8.3,NA,"","","ML","West Jaintia Hills"
"49. Children age 12-23 months fully vaccinated based on information from either vaccination card or mother's recall11 (%)",59.7,NA,"","","ML","West Jaintia Hills"
"50. Children age 12-23 months fully vaccinated based on information from vaccination card only12 (%)",84.1,NA,"","","ML","West Jaintia Hills"
"51. Children age 12-23 months who have received BCG (%)",90.9,NA,"","","ML","West Jaintia Hills"
"52. Children age 12-23 months who have received 3 doses of polio vaccine13 (%)",65.2,NA,"","","ML","West Jaintia Hills"
"53. Children age 12-23 months who have received 3 doses of penta or DPT vaccine (%)",77,NA,"","","ML","West Jaintia Hills"
"54. Children age 12-23 months who have received the first dose of measles-containing vaccine (MCV) (%)",72.3,NA,"","","ML","West Jaintia Hills"
"55. Children age 24-35 months who have received a second dose of measles-containing vaccine (MCV) (%)",22.4,NA,"","","ML","West Jaintia Hills"
"56. Children age 12-23 months who have received 3 doses of rotavirus vaccine14 (%)",4.8,NA,"","","ML","West Jaintia Hills"
"57. Children age 12-23 months who have received 3 doses of penta or hepatitis B vaccine (%)",72,NA,"","","ML","West Jaintia Hills"
"58. Children age 9-59 months who received a vitamin A dose in the last 6 months (%)",63.2,NA,"","","ML","West Jaintia Hills"
"59. Children age 12-23 months who received most of their vaccinations in a public health facility (%)",93.3,NA,"","","ML","West Jaintia Hills"
"60. Children age 12-23 months who received most of their vaccinations in a private health facility (%)",2.3,NA,"","","ML","West Jaintia Hills"
"61. Prevalence of diarrhoea in the 2 weeks preceding the survey (%)",13.7,NA,"","","ML","West Jaintia Hills"
"62. Children with diarrhoea in the 2 weeks preceding the survey who received oral rehydration salts (ORS) (%)",71.3,NA,"","","ML","West Jaintia Hills"
"63. Children with diarrhoea in the 2 weeks preceding the survey who received zinc (%)",41.9,NA,"","","ML","West Jaintia Hills"
"64. Children with diarrhoea in the 2 weeks preceding the survey taken to a health facility or health provider (%)",67.6,NA,"","","ML","West Jaintia Hills"
"65. Prevalence of symptoms of acute respiratory infection (ARI) in the 2 weeks preceding the survey (%)",4.8,NA,"","","ML","West Jaintia Hills"
"66. Children with fever or symptoms of ARI in the 2 weeks preceding the survey taken to a health facility or health provider (%)",79.1,NA,"","","ML","West Jaintia Hills"
"67. Children under age 3 years breastfed within one hour of birth15 (%)",88.5,NA,"","","ML","West Jaintia Hills"
"68. Children under age 6 months exclusively breastfed16 (%)",46.4,NA,"","","ML","West Jaintia Hills"
"69. Children age 6-8 months receiving solid or semi-solid food and breastmilk16 (%)",77.7,NA,"Based on 25-49 unweighted cases","","ML","West Jaintia Hills"
"70. Breastfeeding children age 6-23 months receiving an adequate diet16, 17  (%)",25.7,NA,"","","ML","West Jaintia Hills"
"71. Non-breastfeeding children age 6-23 months receiving an adequate diet16, 17 (%)",20.8,NA,"","","ML","West Jaintia Hills"
"72. Total children age 6-23 months receiving an adequate diet16, 17  (%)",24.5,NA,"","","ML","West Jaintia Hills"
"73. Children under 5 years who are stunted (height-for-age)18 (%)",48.7,NA,"","","ML","West Jaintia Hills"
"74. Children under 5 years who are wasted (weight-for-height)18 (%)",9.7,NA,"","","ML","West Jaintia Hills"
"75. Children under 5 years who are severely wasted (weight-for-height)19 (%)",4,NA,"","","ML","West Jaintia Hills"
"76. Children under 5 years who are underweight (weight-for-age)18 (%)",28.3,NA,"","","ML","West Jaintia Hills"
"77. Children under 5 years who are overweight (weight-for-height)20 (%)",3,NA,"","","ML","West Jaintia Hills"
"78. Women whose Body Mass Index (BMI) is below normal (BMI <18.5 kg/m2)21 (%)",9.6,NA,"","","ML","West Jaintia Hills"
"79. Women who are overweight or obese (BMI ≥25.0 kg/m2)21 (%)",15.4,NA,"","","ML","West Jaintia Hills"
"80. Women who have high risk waist-to-hip ratio (≥0.85) (%)",59.1,NA,"","","ML","West Jaintia Hills"
"81. Children age 6-59 months who are anaemic (<11.0 g/dl)22 (%)",54.6,NA,"","","ML","West Jaintia Hills"
"82. Non-pregnant women age 15-49 years who are anaemic (<12.0 g/dl)22 (%)",55.3,NA,"","","ML","West Jaintia Hills"
"83. Pregnant women age 15-49 years who are anaemic (<11.0 g/dl)22 (%)",64.6,NA,"","","ML","West Jaintia Hills"
"84. All women age 15-49 years who are anaemic22 (%)",55.9,NA,"","","ML","West Jaintia Hills"
"85. All women age 15-19 years who are anaemic22 (%)",54.2,NA,"","","ML","West Jaintia Hills"
"86. Blood sugar level - high (141-160 mg/dl)23 (%)",3.8,NA,"","","ML","West Jaintia Hills"
"87. Blood sugar level - very high (>160 mg/dl)23 (%)",3.5,NA,"","","ML","West Jaintia Hills"
"88. Blood sugar level - high or very high (>140 mg/dl) or taking medicine to control blood sugar level23 (%)",8.8,NA,"","","ML","West Jaintia Hills"
"89. Blood sugar level - high (141-160 mg/dl)23 (%)",4.4,NA,"","","ML","West Jaintia Hills"
"90. Blood sugar level - very high (>160 mg/dl)23 (%)",2.8,NA,"","","ML","West Jaintia Hills"
"91. Blood sugar level - high or very high (>140 mg/dl) or taking medicine to control blood sugar level23 (%)",7.8,NA,"","","ML","West Jaintia Hills"
"92. Mildly elevated blood pressure (Systolic 140-159 mm of Hg and/or Diastolic 90-99 mm of Hg) (%)",9,NA,"","","ML","West Jaintia Hills"
"93. Moderately or severely elevated blood pressure (Systolic ≥160mm of Hg and/or Diastolic ≥100mm of Hg) (%)",3.3,NA,"","","ML","West Jaintia Hills"
"94. Elevated blood pressure (Systolic ≥140 mm of Hg and/or Diastolic ≥90 mm of Hg) or taking medicine to control blood pressure (%)",18,NA,"","","ML","West Jaintia Hills"
"95. Mildly elevated blood pressure (Systolic 140-159 mm of Hg and/or Diastolic 90-99 mm of Hg) (%)",8.6,NA,"","","ML","West Jaintia Hills"
"96. Moderately or severely elevated blood pressure (Systolic ≥160mm of Hg and/or Diastolic ≥100mm of Hg) (%)",3.2,NA,"","","ML","West Jaintia Hills"
"97. Elevated blood pressure (Systolic ≥140 mm of Hg and/or Diastolic ≥90 mm of Hg) or taking medicine to control blood pressure (%)",15.5,NA,"","","ML","West Jaintia Hills"
"98. Ever undergone a screening test for cervical cancer (%)",0.5,NA,"","","ML","West Jaintia Hills"
"99. Ever undergone a breast examination for breast cancer (%)",0.1,NA,"","","ML","West Jaintia Hills"
"100. Ever undergone an oral cavity examination for oral cancer (%)",0.4,NA,"","","ML","West Jaintia Hills"
"101. Women age 15 years and above who use any kind of tobacco (%)",44.8,NA,"","","ML","West Jaintia Hills"
"102. Men age 15 years and above who use any kind of tobacco (%)",64.7,NA,"","","ML","West Jaintia Hills"
"103. Women age 15 years and above who consume alcohol (%)",1.3,NA,"","","ML","West Jaintia Hills"
"104. Men age 15 years and above who consume alcohol (%)",36.9,NA,"","","ML","West Jaintia Hills"
"1. Female population age 6 years and above who ever attended school (%)",85.1,NA,"","","ML","West Khasi Hills"
"2. Population below age 15 years (%)",50.6,NA,"","","ML","West Khasi Hills"
"3. Sex ratio of the total population (females per 1,000 males)",1038,NA,"","","ML","West Khasi Hills"
"4. Sex ratio at birth for children born in the last five years (females per 1,000 males)",984,NA,"","","ML","West Khasi Hills"
"5. Children under age 5 years whose birth was registered with the civil authority (%)",79.2,NA,"","","ML","West Khasi Hills"
"6. Deaths in the last 3 years registered with the civil authority (%)",49,NA,"","","ML","West Khasi Hills"
"7. Population living in households with electricity (%)",85,NA,"","","ML","West Khasi Hills"
"8. Population living in households with an improved drinking-water source1 (%)",80.5,NA,"","","ML","West Khasi Hills"
"9. Population living in households that use an improved sanitation facility2 (%)",87.8,NA,"","","ML","West Khasi Hills"
"10. Households using clean fuel for cooking3 (%)",8.6,NA,"","","ML","West Khasi Hills"
"11. Households using iodized salt (%)",97.3,NA,"","","ML","West Khasi Hills"
"12. Households with any usual member covered under a health insurance/financing scheme (%)",60.1,NA,"","","ML","West Khasi Hills"
"13. Children age 5 years who attended pre-primary school during the school year 2019-20 (%)",34.8,NA,"","","ML","West Khasi Hills"
"14. Women who are literate4 (%)",87.4,NA,"","","ML","West Khasi Hills"
"15. Women with 10 or more years of schooling (%)",16.4,NA,"","","ML","West Khasi Hills"
"16. Women age 20-24 years married before age 18 years (%)",30.3,NA,"","","ML","West Khasi Hills"
"17. Births in the 5 years preceding the survey that are third or higher order (%)",8,NA,"","","ML","West Khasi Hills"
"18. Women age 15-19 years who were already mothers or pregnant at the time of the survey (%)",12.9,NA,"","","ML","West Khasi Hills"
"19. Women age 15-24 years who use hygienic methods of protection during their menstrual period5 (%)",48.9,NA,"","","ML","West Khasi Hills"
"20. Any method6 (%)",26.3,NA,"","","ML","West Khasi Hills"
"21. Any modern method6 (%)",15.3,NA,"","","ML","West Khasi Hills"
"22. Female sterilization (%)",9.3,NA,"","","ML","West Khasi Hills"
"23. Male sterilization (%)",0,NA,"","","ML","West Khasi Hills"
"24. IUD/PPIUD (%)",1.6,NA,"","","ML","West Khasi Hills"
"25. Pill (%)",2.8,NA,"","","ML","West Khasi Hills"
"26. Condom (%)",0.5,NA,"","","ML","West Khasi Hills"
"27. Injectables (%)",1.1,NA,"","","ML","West Khasi Hills"
"28. Total unmet need7 (%)",25.8,NA,"","","ML","West Khasi Hills"
"29. Unmet need for spacing7 (%)",21.1,NA,"","","ML","West Khasi Hills"
"30. Health worker ever talked to female non-users about family planning (%)",43.4,NA,"","","ML","West Khasi Hills"
"31. Current users ever told about side effects of current method8 (%)",72.8,NA,"","","ML","West Khasi Hills"
"32. Mothers who had an antenatal check-up in the first trimester (%)",45.3,NA,"","","ML","West Khasi Hills"
"33. Mothers who had at least 4 antenatal care visits (%)",64,NA,"","","ML","West Khasi Hills"
"34. Mothers whose last birth was protected against neonatal tetanus9 (%)",81.6,NA,"","","ML","West Khasi Hills"
"35. Mothers who consumed iron folic acid for 100 days or more when they were pregnant (%)",51.6,NA,"","","ML","West Khasi Hills"
"36. Mothers who consumed iron folic acid for 180 days or more when they were pregnant (%)",21,NA,"","","ML","West Khasi Hills"
"37. Registered pregnancies for which the mother received a Mother and Child Protection (MCP) card (%)",97.3,NA,"","","ML","West Khasi Hills"
"38. Mothers who received postnatal care from a doctor/nurse/LHV/ANM/midwife/other health personnel within 2 days of delivery (%)",42,NA,"","","ML","West Khasi Hills"
"39. Average out-of-pocket expenditure per delivery in a public health facility (Rs.)",2947,NA,"","","ML","West Khasi Hills"
"40. Children born at home who were taken to a health facility for a check-up within 24 hours of birth (%)",0.4,NA,"","","ML","West Khasi Hills"
"41. Children who received postnatal care from a doctor/nurse/LHV/ANM/midwife/other health personnel within 2 days of delivery (%)",41.4,NA,"","","ML","West Khasi Hills"
"42. Institutional births (%)",41.7,NA,"","","ML","West Khasi Hills"
"43. Institutional births in public facility (%)",36.1,NA,"","","ML","West Khasi Hills"
"44. Home births that were conducted by skilled health personnel10 (%)",7.2,NA,"","","ML","West Khasi Hills"
"45. Births attended by skilled health personnel10 (%)",49.3,NA,"","","ML","West Khasi Hills"
"46. Births delivered by caesarean section (%)",4.7,NA,"","","ML","West Khasi Hills"
"47. Births in a private health facility that were delivered by caesarean section (%)",30.6,NA,"","","ML","West Khasi Hills"
"48. Births in a public health facility that were delivered by caesarean section (%)",8.3,NA,"","","ML","West Khasi Hills"
"49. Children age 12-23 months fully vaccinated based on information from either vaccination card or mother's recall11 (%)",62.5,NA,"","","ML","West Khasi Hills"
"50. Children age 12-23 months fully vaccinated based on information from vaccination card only12 (%)",77.4,NA,"","","ML","West Khasi Hills"
"51. Children age 12-23 months who have received BCG (%)",86.7,NA,"","","ML","West Khasi Hills"
"52. Children age 12-23 months who have received 3 doses of polio vaccine13 (%)",67.6,NA,"","","ML","West Khasi Hills"
"53. Children age 12-23 months who have received 3 doses of penta or DPT vaccine (%)",68.2,NA,"","","ML","West Khasi Hills"
"54. Children age 12-23 months who have received the first dose of measles-containing vaccine (MCV) (%)",71.5,NA,"","","ML","West Khasi Hills"
"55. Children age 24-35 months who have received a second dose of measles-containing vaccine (MCV) (%)",12.3,NA,"","","ML","West Khasi Hills"
"56. Children age 12-23 months who have received 3 doses of rotavirus vaccine14 (%)",0.7,NA,"","","ML","West Khasi Hills"
"57. Children age 12-23 months who have received 3 doses of penta or hepatitis B vaccine (%)",66.4,NA,"","","ML","West Khasi Hills"
"58. Children age 9-59 months who received a vitamin A dose in the last 6 months (%)",63.4,NA,"","","ML","West Khasi Hills"
"59. Children age 12-23 months who received most of their vaccinations in a public health facility (%)",95.9,NA,"","","ML","West Khasi Hills"
"60. Children age 12-23 months who received most of their vaccinations in a private health facility (%)",0.9,NA,"","","ML","West Khasi Hills"
"61. Prevalence of diarrhoea in the 2 weeks preceding the survey (%)",10.1,NA,"","","ML","West Khasi Hills"
"62. Children with diarrhoea in the 2 weeks preceding the survey who received oral rehydration salts (ORS) (%)",75.1,NA,"","","ML","West Khasi Hills"
"63. Children with diarrhoea in the 2 weeks preceding the survey who received zinc (%)",48.8,NA,"","","ML","West Khasi Hills"
"64. Children with diarrhoea in the 2 weeks preceding the survey taken to a health facility or health provider (%)",77.4,NA,"","","ML","West Khasi Hills"
"65. Prevalence of symptoms of acute respiratory infection (ARI) in the 2 weeks preceding the survey (%)",6.5,NA,"","","ML","West Khasi Hills"
"66. Children with fever or symptoms of ARI in the 2 weeks preceding the survey taken to a health facility or health provider (%)",75.3,NA,"","","ML","West Khasi Hills"
"67. Children under age 3 years breastfed within one hour of birth15 (%)",81.2,NA,"","","ML","West Khasi Hills"
"68. Children under age 6 months exclusively breastfed16 (%)",41.5,NA,"","","ML","West Khasi Hills"
"69. Children age 6-8 months receiving solid or semi-solid food and breastmilk16 (%)",59.8,NA,"","","ML","West Khasi Hills"
"70. Breastfeeding children age 6-23 months receiving an adequate diet16, 17  (%)",28.5,NA,"","","ML","West Khasi Hills"
"71. Non-breastfeeding children age 6-23 months receiving an adequate diet16, 17 (%)",24.9,NA,"","","ML","West Khasi Hills"
"72. Total children age 6-23 months receiving an adequate diet16, 17  (%)",27.5,NA,"","","ML","West Khasi Hills"
"73. Children under 5 years who are stunted (height-for-age)18 (%)",59,NA,"","","ML","West Khasi Hills"
"74. Children under 5 years who are wasted (weight-for-height)18 (%)",8,NA,"","","ML","West Khasi Hills"
"75. Children under 5 years who are severely wasted (weight-for-height)19 (%)",2.7,NA,"","","ML","West Khasi Hills"
"76. Children under 5 years who are underweight (weight-for-age)18 (%)",31.1,NA,"","","ML","West Khasi Hills"
"77. Children under 5 years who are overweight (weight-for-height)20 (%)",3.1,NA,"","","ML","West Khasi Hills"
"78. Women whose Body Mass Index (BMI) is below normal (BMI <18.5 kg/m2)21 (%)",14.6,NA,"","","ML","West Khasi Hills"
"79. Women who are overweight or obese (BMI ≥25.0 kg/m2)21 (%)",8.7,NA,"","","ML","West Khasi Hills"
"80. Women who have high risk waist-to-hip ratio (≥0.85) (%)",57.8,NA,"","","ML","West Khasi Hills"
"81. Children age 6-59 months who are anaemic (<11.0 g/dl)22 (%)",56.2,NA,"","","ML","West Khasi Hills"
"82. Non-pregnant women age 15-49 years who are anaemic (<12.0 g/dl)22 (%)",52.1,NA,"","","ML","West Khasi Hills"
"83. Pregnant women age 15-49 years who are anaemic (<11.0 g/dl)22 (%)",49.6,NA,"","","ML","West Khasi Hills"
"84. All women age 15-49 years who are anaemic22 (%)",51.8,NA,"","","ML","West Khasi Hills"
"85. All women age 15-19 years who are anaemic22 (%)",40.4,NA,"","","ML","West Khasi Hills"
"86. Blood sugar level - high (141-160 mg/dl)23 (%)",2.3,NA,"","","ML","West Khasi Hills"
"87. Blood sugar level - very high (>160 mg/dl)23 (%)",2.6,NA,"","","ML","West Khasi Hills"
"88. Blood sugar level - high or very high (>140 mg/dl) or taking medicine to control blood sugar level23 (%)",5.6,NA,"","","ML","West Khasi Hills"
"89. Blood sugar level - high (141-160 mg/dl)23 (%)",4.3,NA,"","","ML","West Khasi Hills"
"90. Blood sugar level - very high (>160 mg/dl)23 (%)",2.7,NA,"","","ML","West Khasi Hills"
"91. Blood sugar level - high or very high (>140 mg/dl) or taking medicine to control blood sugar level23 (%)",7.6,NA,"","","ML","West Khasi Hills"
"92. Mildly elevated blood pressure (Systolic 140-159 mm of Hg and/or Diastolic 90-99 mm of Hg) (%)",9.1,NA,"","","ML","West Khasi Hills"
"93. Moderately or severely elevated blood pressure (Systolic ≥160mm of Hg and/or Diastolic ≥100mm of Hg) (%)",4.8,NA,"","","ML","West Khasi Hills"
"94. Elevated blood pressure (Systolic ≥140 mm of Hg and/or Diastolic ≥90 mm of Hg) or taking medicine to control blood pressure (%)",16,NA,"","","ML","West Khasi Hills"
"95. Mildly elevated blood pressure (Systolic 140-159 mm of Hg and/or Diastolic 90-99 mm of Hg) (%)",11.8,NA,"","","ML","West Khasi Hills"
"96. Moderately or severely elevated blood pressure (Systolic ≥160mm of Hg and/or Diastolic ≥100mm of Hg) (%)",3.8,NA,"","","ML","West Khasi Hills"
"97. Elevated blood pressure (Systolic ≥140 mm of Hg and/or Diastolic ≥90 mm of Hg) or taking medicine to control blood pressure (%)",16.4,NA,"","","ML","West Khasi Hills"
"98. Ever undergone a screening test for cervical cancer (%)",0.8,NA,"","","ML","West Khasi Hills"
"99. Ever undergone a breast examination for breast cancer (%)",0,NA,"","","ML","West Khasi Hills"
"100. Ever undergone an oral cavity examination for oral cancer (%)",0.2,NA,"","","ML","West Khasi Hills"
"101. Women age 15 years and above who use any kind of tobacco (%)",50.2,NA,"","","ML","West Khasi Hills"
"102. Men age 15 years and above who use any kind of tobacco (%)",73.3,NA,"","","ML","West Khasi Hills"
"103. Women age 15 years and above who consume alcohol (%)",1.6,NA,"","","ML","West Khasi Hills"
"104. Men age 15 years and above who consume alcohol (%)",34.4,NA,"","","ML","West Khasi Hills"
"1. Female population age 6 years and above who ever attended school (%)",88.7,NA,"","","ML","West Garo Hills"
"2. Population below age 15 years (%)",30.8,NA,"","","ML","West Garo Hills"
"3. Sex ratio of the total population (females per 1,000 males)",1025,NA,"","","ML","West Garo Hills"
"4. Sex ratio at birth for children born in the last five years (females per 1,000 males)",1396,NA,"","","ML","West Garo Hills"
"5. Children under age 5 years whose birth was registered with the civil authority (%)",92.9,NA,"","","ML","West Garo Hills"
"6. Deaths in the last 3 years registered with the civil authority (%)",65.8,NA,"Based on 25-49 unweighted cases","","ML","West Garo Hills"
"7. Population living in households with electricity (%)",94.7,NA,"","","ML","West Garo Hills"
"8. Population living in households with an improved drinking-water source1 (%)",83.7,NA,"","","ML","West Garo Hills"
"9. Population living in households that use an improved sanitation facility2 (%)",86.3,NA,"","","ML","West Garo Hills"
"10. Households using clean fuel for cooking3 (%)",47.6,NA,"","","ML","West Garo Hills"
"11. Households using iodized salt (%)",88.5,NA,"","","ML","West Garo Hills"
"12. Households with any usual member covered under a health insurance/financing scheme (%)",77.9,NA,"","","ML","West Garo Hills"
"13. Children age 5 years who attended pre-primary school during the school year 2019-20 (%)",20.2,NA,"","","ML","West Garo Hills"
"14. Women who are literate4 (%)",89,NA,"","","ML","West Garo Hills"
"15. Women with 10 or more years of schooling (%)",45.1,NA,"","","ML","West Garo Hills"
"16. Women age 20-24 years married before age 18 years (%)",10.4,NA,"","","ML","West Garo Hills"
"17. Births in the 5 years preceding the survey that are third or higher order (%)",0.3,NA,"","","ML","West Garo Hills"
"18. Women age 15-19 years who were already mothers or pregnant at the time of the survey (%)",1,NA,"","","ML","West Garo Hills"
"19. Women age 15-24 years who use hygienic methods of protection during their menstrual period5 (%)",79.6,NA,"","","ML","West Garo Hills"
"20. Any method6 (%)",44.1,NA,"","","ML","West Garo Hills"
"21. Any modern method6 (%)",39.9,NA,"","","ML","West Garo Hills"
"22. Female sterilization (%)",6.7,NA,"","","ML","West Garo Hills"
"23. Male sterilization (%)",0,NA,"","","ML","West Garo Hills"
"24. IUD/PPIUD (%)",9.5,NA,"","","ML","West Garo Hills"
"25. Pill (%)",17.4,NA,"","","ML","West Garo Hills"
"26. Condom (%)",4.1,NA,"","","ML","West Garo Hills"
"27. Injectables (%)",1.6,NA,"","","ML","West Garo Hills"
"28. Total unmet need7 (%)",19.7,NA,"","","ML","West Garo Hills"
"29. Unmet need for spacing7 (%)",9.2,NA,"","","ML","West Garo Hills"
"30. Health worker ever talked to female non-users about family planning (%)",32,NA,"","","ML","West Garo Hills"
"31. Current users ever told about side effects of current method8 (%)",58.1,NA,"","","ML","West Garo Hills"
"32. Mothers who had an antenatal check-up in the first trimester (%)",65.1,NA,"","","ML","West Garo Hills"
"33. Mothers who had at least 4 antenatal care visits (%)",48,NA,"","","ML","West Garo Hills"
"34. Mothers whose last birth was protected against neonatal tetanus9 (%)",91.3,NA,"","","ML","West Garo Hills"
"35. Mothers who consumed iron folic acid for 100 days or more when they were pregnant (%)",48.2,NA,"","","ML","West Garo Hills"
"36. Mothers who consumed iron folic acid for 180 days or more when they were pregnant (%)",14.9,NA,"","","ML","West Garo Hills"
"37. Registered pregnancies for which the mother received a Mother and Child Protection (MCP) card (%)",97.6,NA,"","","ML","West Garo Hills"
"38. Mothers who received postnatal care from a doctor/nurse/LHV/ANM/midwife/other health personnel within 2 days of delivery (%)",70.9,NA,"","","ML","West Garo Hills"
"39. Average out-of-pocket expenditure per delivery in a public health facility (Rs.)",3235,NA,"","","ML","West Garo Hills"
"40. Children born at home who were taken to a health facility for a check-up within 24 hours of birth (%)",2.1,NA,"Based on 25-49 unweighted cases","","ML","West Garo Hills"
"41. Children who received postnatal care from a doctor/nurse/LHV/ANM/midwife/other health personnel within 2 days of delivery (%)",67.2,NA,"","","ML","West Garo Hills"
"42. Institutional births (%)",89.6,NA,"","","ML","West Garo Hills"
"43. Institutional births in public facility (%)",85.1,NA,"","","ML","West Garo Hills"
"44. Home births that were conducted by skilled health personnel10 (%)",3.2,NA,"","","ML","West Garo Hills"
"45. Births attended by skilled health personnel10 (%)",87.5,NA,"","","ML","West Garo Hills"
"46. Births delivered by caesarean section (%)",8.4,NA,"","","ML","West Garo Hills"
"47. Births in a private health facility that were delivered by caesarean section (%)",NA,NA,"Percentage not shown; based on fewer than 25 unweighted cases","","ML","West Garo Hills"
"48. Births in a public health facility that were delivered by caesarean section (%)",8.2,NA,"","","ML","West Garo Hills"
"49. Children age 12-23 months fully vaccinated based on information from either vaccination card or mother's recall11 (%)",77.1,NA,"Based on 25-49 unweighted cases","","ML","West Garo Hills"
"50. Children age 12-23 months fully vaccinated based on information from vaccination card only12 (%)",78.6,NA,"Based on 25-49 unweighted cases","","ML","West Garo Hills"
"51. Children age 12-23 months who have received BCG (%)",100,NA,"Based on 25-49 unweighted cases","","ML","West Garo Hills"
"52. Children age 12-23 months who have received 3 doses of polio vaccine13 (%)",84.1,NA,"Based on 25-49 unweighted cases","","ML","West Garo Hills"
"53. Children age 12-23 months who have received 3 doses of penta or DPT vaccine (%)",84.8,NA,"Based on 25-49 unweighted cases","","ML","West Garo Hills"
"54. Children age 12-23 months who have received the first dose of measles-containing vaccine (MCV) (%)",87.4,NA,"Based on 25-49 unweighted cases","","ML","West Garo Hills"
"55. Children age 24-35 months who have received a second dose of measles-containing vaccine (MCV) (%)",5.3,NA,"Based on 25-49 unweighted cases","","ML","West Garo Hills"
"56. Children age 12-23 months who have received 3 doses of rotavirus vaccine14 (%)",5,NA,"Based on 25-49 unweighted cases","","ML","West Garo Hills"
"57. Children age 12-23 months who have received 3 doses of penta or hepatitis B vaccine (%)",78.5,NA,"Based on 25-49 unweighted cases","","ML","West Garo Hills"
"58. Children age 9-59 months who received a vitamin A dose in the last 6 months (%)",68.2,NA,"","","ML","West Garo Hills"
"59. Children age 12-23 months who received most of their vaccinations in a public health facility (%)",100,NA,"Based on 25-49 unweighted cases","","ML","West Garo Hills"
"60. Children age 12-23 months who received most of their vaccinations in a private health facility (%)",0,NA,"Based on 25-49 unweighted cases","","ML","West Garo Hills"
"61. Prevalence of diarrhoea in the 2 weeks preceding the survey (%)",7.8,NA,"","","ML","West Garo Hills"
"62. Children with diarrhoea in the 2 weeks preceding the survey who received oral rehydration salts (ORS) (%)",NA,NA,"Percentage not shown; based on fewer than 25 unweighted cases","","ML","West Garo Hills"
"63. Children with diarrhoea in the 2 weeks preceding the survey who received zinc (%)",NA,NA,"Percentage not shown; based on fewer than 25 unweighted cases","","ML","West Garo Hills"
"64. Children with diarrhoea in the 2 weeks preceding the survey taken to a health facility or health provider (%)",NA,NA,"Percentage not shown; based on fewer than 25 unweighted cases","","ML","West Garo Hills"
"65. Prevalence of symptoms of acute respiratory infection (ARI) in the 2 weeks preceding the survey (%)",3.5,NA,"","","ML","West Garo Hills"
"66. Children with fever or symptoms of ARI in the 2 weeks preceding the survey taken to a health facility or health provider (%)",78.2,NA,"Based on 25-49 unweighted cases","","ML","West Garo Hills"
"67. Children under age 3 years breastfed within one hour of birth15 (%)",47.2,NA,"","","ML","West Garo Hills"
"68. Children under age 6 months exclusively breastfed16 (%)",NA,NA,"Percentage not shown; based on fewer than 25 unweighted cases","","ML","West Garo Hills"
"69. Children age 6-8 months receiving solid or semi-solid food and breastmilk16 (%)",NA,NA,"Percentage not shown; based on fewer than 25 unweighted cases","","ML","West Garo Hills"
"70. Breastfeeding children age 6-23 months receiving an adequate diet16, 17  (%)",14.6,NA,"","","ML","West Garo Hills"
"71. Non-breastfeeding children age 6-23 months receiving an adequate diet16, 17 (%)",NA,NA,"Percentage not shown; based on fewer than 25 unweighted cases","","ML","West Garo Hills"
"72. Total children age 6-23 months receiving an adequate diet16, 17  (%)",17.2,NA,"","","ML","West Garo Hills"
"73. Children under 5 years who are stunted (height-for-age)18 (%)",39.5,NA,"","","ML","West Garo Hills"
"74. Children under 5 years who are wasted (weight-for-height)18 (%)",14.9,NA,"","","ML","West Garo Hills"
"75. Children under 5 years who are severely wasted (weight-for-height)19 (%)",4.7,NA,"","","ML","West Garo Hills"
"76. Children under 5 years who are underweight (weight-for-age)18 (%)",26.3,NA,"","","ML","West Garo Hills"
"77. Children under 5 years who are overweight (weight-for-height)20 (%)",5.2,NA,"","","ML","West Garo Hills"
"78. Women whose Body Mass Index (BMI) is below normal (BMI <18.5 kg/m2)21 (%)",7.7,NA,"","","ML","West Garo Hills"
"79. Women who are overweight or obese (BMI ≥25.0 kg/m2)21 (%)",7.2,NA,"","","ML","West Garo Hills"
"80. Women who have high risk waist-to-hip ratio (≥0.85) (%)",74,NA,"","","ML","West Garo Hills"
"81. Children age 6-59 months who are anaemic (<11.0 g/dl)22 (%)",30.2,NA,"","","ML","West Garo Hills"
"82. Non-pregnant women age 15-49 years who are anaemic (<12.0 g/dl)22 (%)",57.2,NA,"","","ML","West Garo Hills"
"83. Pregnant women age 15-49 years who are anaemic (<11.0 g/dl)22 (%)",26.7,NA,"","","ML","West Garo Hills"
"84. All women age 15-49 years who are anaemic22 (%)",55.3,NA,"","","ML","West Garo Hills"
"85. All women age 15-19 years who are anaemic22 (%)",62,NA,"","","ML","West Garo Hills"
"86. Blood sugar level - high (141-160 mg/dl)23 (%)",7.6,NA,"","","ML","West Garo Hills"
"87. Blood sugar level - very high (>160 mg/dl)23 (%)",3.3,NA,"","","ML","West Garo Hills"
"88. Blood sugar level - high or very high (>140 mg/dl) or taking medicine to control blood sugar level23 (%)",12.1,NA,"","","ML","West Garo Hills"
"89. Blood sugar level - high (141-160 mg/dl)23 (%)",15.9,NA,"","","ML","West Garo Hills"
"90. Blood sugar level - very high (>160 mg/dl)23 (%)",7.9,NA,"","","ML","West Garo Hills"
"91. Blood sugar level - high or very high (>140 mg/dl) or taking medicine to control blood sugar level23 (%)",24.6,NA,"","","ML","West Garo Hills"
"92. Mildly elevated blood pressure (Systolic 140-159 mm of Hg and/or Diastolic 90-99 mm of Hg) (%)",11.5,NA,"","","ML","West Garo Hills"
"93. Moderately or severely elevated blood pressure (Systolic ≥160mm of Hg and/or Diastolic ≥100mm of Hg) (%)",2.7,NA,"","","ML","West Garo Hills"
"94. Elevated blood pressure (Systolic ≥140 mm of Hg and/or Diastolic ≥90 mm of Hg) or taking medicine to control blood pressure (%)",17.4,NA,"","","ML","West Garo Hills"
"95. Mildly elevated blood pressure (Systolic 140-159 mm of Hg and/or Diastolic 90-99 mm of Hg) (%)",17.2,NA,"","","ML","West Garo Hills"
"96. Moderately or severely elevated blood pressure (Systolic ≥160mm of Hg and/or Diastolic ≥100mm of Hg) (%)",3.4,NA,"","","ML","West Garo Hills"
"97. Elevated blood pressure (Systolic ≥140 mm of Hg and/or Diastolic ≥90 mm of Hg) or taking medicine to control blood pressure (%)",24.7,NA,"","","ML","West Garo Hills"
"98. Ever undergone a screening test for cervical cancer (%)",0,NA,"","","ML","West Garo Hills"
"99. Ever undergone a breast examination for breast cancer (%)",0.2,NA,"","","ML","West Garo Hills"
"100. Ever undergone an oral cavity examination for oral cancer (%)",0,NA,"","","ML","West Garo Hills"
"101. Women age 15 years and above who use any kind of tobacco (%)",17.6,NA,"","","ML","West Garo Hills"
"102. Men age 15 years and above who use any kind of tobacco (%)",58.3,NA,"","","ML","West Garo Hills"
"103. Women age 15 years and above who consume alcohol (%)",2.1,NA,"","","ML","West Garo Hills"
"104. Men age 15 years and above who consume alcohol (%)",38.8,NA,"","","ML","West Garo Hills"
